episode_id,scenario,victim_wallet,mule_wallet,t0_min,first_fraud_tx_id,amount_bdt,first_move_delay_min,moved_fraction,mule_own_balance_bdt
EP-00000,ato,W0441,W0344,164.0,TX-000027,4270.0,2.894388579417727,0.7141580209192073,4449.0
EP-00001,ato,W0133,W0666,205.0,TX-000031,11990.0,6.130727934545376,0.9891523637205508,6725.0
EP-00002,ato,W0124,W0799,386.0,TX-000073,11060.0,3.207689158779839,0.8394410019930342,2993.0
EP-00003,layering,W0633,W0754,426.0,TX-000093,660.0,3.6172748899527436,0.8248103575100483,4570.0
EP-00004,ato,W0640,W0295,540.0,TX-000220,8030.0,10.064730668974377,0.9900420419312663,10174.0
EP-00005,scam,W0311,W0111,577.0,TX-000265,780.0,3.0532064713126985,0.6154693750104158,68873.0
EP-00006,ato,W0590,W0144,593.0,TX-000281,2250.0,4.2662240903896205,0.6174983767630696,2199.0
EP-00007,layering,W0742,W0515,657.0,TX-000361,6340.0,7.187356790631419,0.7666870795300794,3280.0
EP-00008,scam,W0750,W0560,677.0,TX-000396,2850.0,3.6853625772580125,0.9068949111703148,2907.0
EP-00009,scam,W0018,W0102,769.0,TX-000510,500.0,7.12201516474276,0.8785588397698372,1859.0
EP-00010,ato,W0083,W0108,770.0,TX-000512,5090.0,2.9676591557613246,0.8930334292603828,11883.0
EP-00011,scam,W0295,W0557,814.0,TX-000560,2340.0,3.991732097093222,0.6884639618062809,2068.0
EP-00012,scam,W0699,W0192,829.0,TX-000572,4000.0,4.304641955895299,0.9723182719991792,4448.0
EP-00013,ato,W0274,W0003,996.0,TX-000752,5250.0,,0.0,3783.0
EP-00014,ato,W0783,W0666,1048.0,TX-000824,4270.0,4.086403503611036,0.8992693530645763,6725.0
EP-00015,layering,W0760,W0303,1071.0,TX-000849,14570.0,2.097035730090515,0.7310311126390409,9986.0
EP-00016,scam,W0160,W0719,1084.0,TX-000858,2040.0,6.368960366977747,0.9131155006353857,4075.0
EP-00017,ato,W0707,W0641,1090.0,TX-000865,9310.0,7.83311541303941,0.7376382546450924,12022.0
EP-00018,ato,W0094,W0102,1121.0,TX-000909,2530.0,21.475885318632393,0.8482619124886739,1859.0
EP-00019,ato,W0388,W0182,1131.0,TX-000924,8840.0,10.026348643613561,0.653429424420347,3581.0
EP-00020,scam,W0107,W0413,1134.0,TX-000930,5190.0,8.292810928943013,0.8788900724655246,5677.0
EP-00021,ato,W0103,W0534,1177.0,TX-001005,4170.0,9.173358022010564,0.6769709193564721,5205.0
EP-00022,scam,W0294,W0003,1186.0,TX-001017,5140.0,12.571795027237165,0.988872459567962,3783.0
EP-00023,scam,W0265,W0137,1195.0,TX-001031,1300.0,12.655303740770869,0.8307042992131013,3020.0
EP-00024,layering,W0737,W0355,1206.0,TX-001043,6250.0,2.008542691001595,0.6547360987872541,17951.0
EP-00025,scam,W0239,W0089,1228.0,TX-001078,3350.0,,0.0,767.0
EP-00026,ato,W0693,W0144,1244.0,TX-001097,1100.0,14.914334945443564,0.6518063702889889,2199.0
EP-00027,scam,W0280,W0072,1272.0,TX-001144,2720.0,7.0225259035312675,0.8372014934810994,3023.0
EP-00028,ato,W0388,W0446,1276.0,TX-001148,6500.0,2.1504187949143447,0.9410150681604896,2771.0
EP-00029,layering,W0159,W0446,1290.0,TX-001170,8840.0,8.45375424054686,0.842609060914919,2771.0
EP-00030,layering,W0732,W0116,1303.0,TX-001183,1320.0,11.978338690318687,0.8426649772561859,4516.0
EP-00031,scam,W0640,W0205,1304.0,TX-001185,930.0,7.395615996398027,0.9374512467586493,3682.0
EP-00032,scam,W0349,W0141,1339.0,TX-001209,1830.0,2.6642985322449184,0.6648271358838233,28222.0
EP-00033,layering,W0043,W0560,1707.0,TX-001259,6490.0,8.149106371147202,0.9849613293369686,2907.0
EP-00034,layering,W0138,W0754,1765.0,TX-001276,1160.0,28.334367287855507,0.9963958941562745,4570.0
EP-00035,ato,W0570,W0072,1821.0,TX-001294,5610.0,20.097998045345417,0.8968635622885635,3023.0
EP-00036,scam,W0245,W0393,1826.0,TX-001296,1030.0,10.052531854997975,0.6009405564310896,940.0
EP-00037,ato,W0746,W0666,1919.0,TX-001355,730.0,4.316695879985473,0.6871021120907536,6725.0
EP-00038,scam,W0043,W0116,1969.0,TX-001407,1060.0,6.19039823626278,0.9083747870117009,4516.0
EP-00039,scam,W0387,W0640,1988.0,TX-001426,9680.0,,0.0,13924.0
EP-00040,layering,W0141,W0666,2022.0,TX-001457,4470.0,5.919062237124141,0.7055686419654937,6725.0
EP-00041,layering,W0672,W0108,2096.0,TX-001529,26900.0,6.425970720053445,0.6173334387346232,11883.0
EP-00042,ato,W0774,W0560,2155.0,TX-001601,1100.0,8.45788506574997,0.6891566124286588,2907.0
EP-00043,layering,W0750,W0357,2178.0,TX-001629,3630.0,14.501917945842813,0.637009089573586,12094.0
EP-00044,layering,W0013,W0515,2206.0,TX-001669,3760.0,11.412893762819769,0.6508759969091497,3280.0
EP-00045,layering,W0477,W0666,2238.0,TX-001695,500.0,3.2119601821563784,0.9832768760130114,6725.0
EP-00046,scam,W0085,W0102,2245.0,TX-001701,4200.0,9.963125917273624,0.9389910730150963,1859.0
EP-00047,ato,W0307,W0699,2272.0,TX-001727,3230.0,,0.0,1943.0
EP-00048,ato,W0343,W0102,2293.0,TX-001745,1920.0,1.6519346029167132,0.9320019303836881,1859.0
EP-00049,layering,W0062,W0003,2343.0,TX-001783,2770.0,7.016390677297643,0.8510810281384387,3783.0
EP-00050,ato,W0388,W0072,2397.0,TX-001849,16260.0,8.874492110095693,0.7336205126026513,3023.0
EP-00051,layering,W0020,W0029,2461.0,TX-001913,500.0,8.0748413302795,0.6934169711538158,4300.0
EP-00052,scam,W0536,W0446,2508.0,TX-001975,2720.0,3.3540784654067286,0.890748590361699,2771.0
EP-00053,layering,W0232,W0272,2517.0,TX-001987,3690.0,26.202624909993226,0.967576896753177,731.0
EP-00054,scam,W0109,W0108,2583.0,TX-002067,3740.0,15.673630366141749,0.720142156925909,11883.0
EP-00055,ato,W0708,W0722,2615.0,TX-002110,6180.0,4.888716310272607,0.8833081071510798,10030.0
EP-00056,layering,W0323,W0352,2623.0,TX-002119,11960.0,5.95257966288881,0.8363727867502104,6350.0
EP-00057,scam,W0661,W0371,2628.0,TX-002121,1730.0,7.633966208854403,0.8545182478933748,2295.0
EP-00058,ato,W0640,W0530,2628.0,TX-002122,1450.0,2.742890322830792,0.9630048379152143,2748.0
EP-00059,scam,W0494,W0116,2639.0,TX-002143,2090.0,2.563398850276934,0.9197424474717285,4516.0
EP-00060,ato,W0228,W0794,2865.0,TX-002309,2750.0,,0.0,4173.0
EP-00061,layering,W0487,W0794,3294.0,TX-002384,1560.0,15.103151902760382,0.9236220245356384,4173.0
EP-00062,ato,W0057,W0522,3313.0,TX-002397,7340.0,12.91334473686139,0.645634994485152,5829.0
EP-00063,scam,W0392,W0722,3513.0,TX-002623,3080.0,13.5530493690216,0.8972437397008827,10030.0
EP-00064,ato,W0001,W0089,3527.0,TX-002647,17860.0,1.2003956566756429,0.9093531418428163,767.0
EP-00065,layering,W0392,W0116,3541.0,TX-002663,7470.0,10.483724381392037,0.6011915212538497,4516.0
EP-00066,ato,W0273,W0164,3555.0,TX-002678,1480.0,7.867075918922419,0.7751234184843148,887.0
EP-00067,ato,W0757,W0272,3610.0,TX-002745,1630.0,2.862763941544921,0.7923326519973438,731.0
EP-00068,scam,W0499,W0153,3678.0,TX-002825,1280.0,4.445411082210301,0.821470440675959,7468.0
EP-00069,layering,W0243,W0394,3698.0,TX-002850,10490.0,7.594655636643557,0.9353945552959297,1748.0
EP-00070,ato,W0016,W0453,3702.0,TX-002858,3740.0,14.492495522031902,0.7636674755424682,5041.0
EP-00071,ato,W0109,W0799,3745.0,TX-002912,10360.0,1.9127404710888796,0.6388611639431835,2993.0
EP-00072,scam,W0673,W0303,3760.0,TX-002932,2650.0,9.847102011257482,0.764421779118573,9986.0
EP-00073,scam,W0581,W0352,3817.0,TX-003006,4030.0,7.5241137508972855,0.6244284237516203,6350.0
EP-00074,scam,W0672,W0029,3840.0,TX-003034,5610.0,,0.0,4300.0
EP-00075,layering,W0685,W0515,3898.0,TX-003097,800.0,4.4583557370639095,0.7466357326560815,3280.0
EP-00076,ato,W0103,W0078,3917.0,TX-003123,740.0,17.3975351622496,0.7764155385774014,1243.0
EP-00077,scam,W0605,W0272,3929.0,TX-003139,700.0,3.5970534400019414,0.8190613187188339,731.0
EP-00078,scam,W0517,W0794,3938.0,TX-003150,2390.0,9.111842373056444,0.813654086432869,4173.0
EP-00079,ato,W0492,W0496,4010.0,TX-003230,2890.0,4.900988076838184,0.786420220169499,2956.0
EP-00080,scam,W0506,W0663,4010.0,TX-003232,1730.0,1.1859360635702836,0.7313160457309431,2377.0
EP-00081,scam,W0441,W0204,4019.0,TX-003242,2690.0,10.149731632613463,0.9198711656543035,987.0
EP-00082,scam,W0569,W0799,4056.0,TX-003289,5040.0,16.467457300265743,0.9372703256647983,2993.0
EP-00083,ato,W0735,W0610,4059.0,TX-003294,3400.0,,0.0,1323.0
EP-00084,ato,W0496,W0391,4064.0,TX-003306,3790.0,3.886964888878589,0.6726758155234136,2933.0
EP-00085,ato,W0569,W0137,4069.0,TX-003313,4170.0,14.923836363521453,0.8842111743614647,3020.0
EP-00086,scam,W0073,W0533,4126.0,TX-003386,5960.0,9.76279647885577,0.7086241781230243,10100.0
EP-00087,scam,W0234,W0153,4231.0,TX-003490,6660.0,,0.0,7468.0
EP-00088,scam,W0760,W0137,4786.0,TX-003641,1870.0,2.1934184810908572,0.9070396379902176,3020.0
EP-00089,layering,W0454,W0391,4838.0,TX-003695,2310.0,7.031564721256451,0.824022090839566,2933.0
EP-00090,ato,W0278,W0303,4888.0,TX-003747,3020.0,8.000291962791595,0.7891558843539301,9986.0
EP-00091,scam,W0732,W0310,4924.0,TX-003796,960.0,5.719825339653655,0.7528511747902668,2744.0
EP-00092,ato,W0737,W0723,4938.0,TX-003811,8630.0,8.669489509202984,0.6305147580330431,2357.0
EP-00093,ato,W0474,W0666,4954.0,TX-003836,8890.0,,0.0,6725.0
EP-00094,layering,W0388,W0089,5008.0,TX-003898,2040.0,5.045217556488632,0.9863330128882716,767.0
EP-00095,scam,W0279,W0137,5108.0,TX-003984,3190.0,5.7383930145909146,0.8079536554180935,3020.0
EP-00096,scam,W0247,W0355,5199.0,TX-004086,2000.0,5.365508337144433,0.6426548465771316,17951.0
EP-00097,ato,W0643,W0355,5205.0,TX-004096,1630.0,8.058030471825761,0.9386480349264461,17951.0
EP-00098,layering,W0582,W0666,5275.0,TX-004169,3020.0,7.221700131452007,0.6553019824738533,6725.0
EP-00099,layering,W0294,W0515,5288.0,TX-004187,10680.0,7.700250411183891,0.7891259119089542,3280.0
EP-00100,ato,W0177,W0272,5377.0,TX-004316,7540.0,5.135781929339661,0.7178961988363447,731.0
EP-00101,layering,W0650,W0310,5388.0,TX-004330,6380.0,5.243648594643565,0.7505816767257443,2744.0
EP-00102,ato,W0451,W0116,5431.0,TX-004410,5680.0,6.290167363895899,0.6313897915365169,4516.0
EP-00103,scam,W0098,W0611,5484.0,TX-004480,2350.0,,0.0,2722.0
EP-00104,scam,W0190,W0352,5493.0,TX-004496,5030.0,4.361090881250452,0.871991484512552,6350.0
EP-00105,scam,W0360,W0310,5531.0,TX-004556,4530.0,,0.0,2744.0
EP-00106,ato,W0233,W0794,5537.0,TX-004568,6780.0,2.9073406238937736,0.7322698575426824,4173.0
EP-00107,layering,W0293,W0153,5564.0,TX-004608,12380.0,4.637599312976481,0.9494725100629199,7468.0
EP-00108,scam,W0761,W0108,5603.0,TX-004653,14120.0,7.283757756881924,0.921613522742765,11883.0
EP-00109,layering,W0719,W0754,5966.0,TX-004775,4280.0,6.125003130589535,0.8994840555236907,4570.0
EP-00110,ato,W0455,W0515,6105.0,TX-004795,10600.0,6.441317615347392,0.8246406753104085,3280.0
EP-00111,scam,W0040,W0089,6116.0,TX-004800,5850.0,8.76729981091992,0.6656245448719795,767.0
EP-00112,ato,W0693,W0723,6131.0,TX-004808,6880.0,4.136278038809639,0.68640753645244,2357.0
EP-00113,ato,W0110,W0108,6241.0,TX-004886,1660.0,10.078576488485943,0.9560535689622036,11883.0
EP-00114,scam,W0233,W0711,6243.0,TX-004887,2260.0,4.620033514188996,0.8433269454102227,6141.0
EP-00115,layering,W0695,W0722,6259.0,TX-004907,3790.0,12.243134350351703,0.7814358099431303,10030.0
EP-00116,scam,W0159,W0357,6340.0,TX-004997,8530.0,8.181839377458463,0.7816721557506221,12094.0
EP-00117,ato,W0238,W0003,6362.0,TX-005032,4280.0,,0.0,3783.0
EP-00118,layering,W0134,W0003,6386.0,TX-005060,1430.0,7.509599622594578,0.9762608846848988,3783.0
EP-00119,scam,W0625,W0617,6513.0,TX-005222,4240.0,6.978772167602599,0.7012704406238166,939.0
EP-00120,scam,W0068,W0611,6551.0,TX-005271,3430.0,,0.0,2722.0
EP-00121,ato,W0400,W0722,6650.0,TX-005394,10370.0,2.2090953410524694,0.7172947778677919,10030.0
EP-00122,ato,W0503,W0303,6650.0,TX-005395,37110.0,22.499684515354254,0.7484925929761559,9986.0
EP-00123,ato,W0048,W0341,6693.0,TX-005439,19340.0,,0.0,18040.0
EP-00124,scam,W0750,W0205,6723.0,TX-005478,790.0,3.4647009461907246,0.635308618390256,3682.0
EP-00125,ato,W0366,W0284,6735.0,TX-005488,1020.0,3.605566838813142,0.935254321781031,5727.0
EP-00126,scam,W0377,W0722,6852.0,TX-005646,13320.0,8.33529821139517,0.6091643684838904,10030.0
EP-00127,ato,W0182,W0048,6887.0,TX-005698,9210.0,8.808890831515711,0.622031768242281,2731.0
EP-00128,ato,W0169,W0153,6896.0,TX-005716,940.0,4.1055875989059185,0.6876847535562902,7468.0
EP-00129,layering,W0685,W0799,6930.0,TX-005760,6310.0,3.945166472794109,0.7438770849656783,2993.0
EP-00130,scam,W0675,W0391,6980.0,TX-005827,6120.0,6.645013706410118,0.6539050739764519,2933.0
EP-00131,scam,W0686,W0560,7033.0,TX-005888,890.0,15.876827640879544,0.8287622893415295,2907.0
EP-00132,ato,W0674,W0144,7111.0,TX-005943,8680.0,6.329420117949278,0.9585383015544253,2199.0
EP-00133,scam,W0336,W0624,7128.0,TX-005959,2910.0,6.232062265508032,0.9823314825360021,13031.0
EP-00134,scam,W0456,W0137,7130.0,TX-005960,4830.0,9.668261351165008,0.9897248797203821,3020.0
EP-00135,scam,W0765,W0303,7184.0,TX-005986,6520.0,,0.0,9986.0
EP-00136,layering,W0499,W0794,7542.0,TX-006043,8500.0,6.018278302937396,0.8391394549101621,4173.0
EP-00137,scam,W0487,W0116,7722.0,TX-006159,4720.0,2.053253693865499,0.9986013574892649,4516.0
EP-00138,ato,W0706,W0614,7817.0,TX-006254,940.0,9.117444513883154,0.6328743100667462,3186.0
EP-00139,layering,W0276,W0560,7974.0,TX-006441,730.0,3.7526934964860494,0.6024009410249942,2907.0
EP-00140,layering,W0353,W0102,7994.0,TX-006465,2750.0,4.7782421973490194,0.688548646922434,1859.0
EP-00141,scam,W0301,W0253,8011.0,TX-006477,19350.0,4.985549836146311,0.64945318148367,5508.0
EP-00142,scam,W0149,W0418,8041.0,TX-006510,720.0,4.1675596948111,0.7518922003907299,10604.0
EP-00143,scam,W0568,W0217,8103.0,TX-006579,3350.0,,0.0,6159.0
EP-00144,layering,W0315,W0108,8143.0,TX-006621,3260.0,3.9126334923091375,0.9213536105811732,11883.0
EP-00145,ato,W0289,W0144,8209.0,TX-006699,5410.0,3.618969913572411,0.6221413755038451,2199.0
EP-00146,ato,W0623,W0355,8213.0,TX-006703,8260.0,6.757294320404251,0.9196570138746681,17951.0
EP-00147,scam,W0414,W0446,8248.0,TX-006745,1380.0,3.924862884567649,0.6901231834870383,2771.0
EP-00148,ato,W0696,W0029,8274.0,TX-006781,2060.0,,0.0,4300.0
EP-00149,scam,W0342,W0303,8300.0,TX-006815,1990.0,8.711888233362323,0.8768582864875637,9986.0
EP-00150,ato,W0319,W0352,8334.0,TX-006854,8650.0,5.36461856773903,0.6782036991710577,6350.0
EP-00151,ato,W0504,W0341,8337.0,TX-006860,12580.0,,0.0,18040.0
EP-00152,scam,W0487,W0616,8361.0,TX-006898,2580.0,4.656145473146989,0.7357248659788156,8456.0
EP-00153,ato,W0496,W0611,8416.0,TX-006968,9020.0,3.794736490093281,0.644311374154113,2722.0
EP-00154,ato,W0392,W0310,8500.0,TX-007065,12140.0,5.239947993561239,0.8623984306685324,2744.0
EP-00155,layering,W0260,W0341,8673.0,TX-007132,25960.0,10.799121597030721,0.8802258548334524,18040.0
EP-00156,layering,W0495,W0089,8964.0,TX-007190,4670.0,9.237245155977273,0.6665506765107148,767.0
EP-00157,layering,W0631,W0666,9034.0,TX-007214,1000.0,7.318352708101578,0.6167877883707381,6725.0
EP-00158,ato,W0631,W0205,9173.0,TX-007335,2840.0,11.478463019870938,0.9854691982848098,3682.0
EP-00159,layering,W0568,W0310,9233.0,TX-007401,3540.0,3.248705154201596,0.8938437026501727,2744.0
EP-00160,ato,W0159,W0205,9235.0,TX-007406,3400.0,13.84629225957718,0.814651726009784,3682.0
EP-00161,ato,W0746,W0355,9249.0,TX-007423,4440.0,4.147991286134166,0.8709371114004602,17951.0
EP-00162,layering,W0225,W0446,9280.0,TX-007467,1680.0,4.334652737698294,0.8779002286880588,2771.0
EP-00163,layering,W0532,W0446,9344.0,TX-007542,12220.0,6.05841827645507,0.8670883770848021,2771.0
EP-00164,ato,W0782,W0355,9484.0,TX-007686,1800.0,2.6768297229212097,0.7860476785572228,17951.0
EP-00165,ato,W0456,W0548,9503.0,TX-007705,9130.0,,0.0,2892.0
EP-00166,layering,W0038,W0723,9504.0,TX-007706,3280.0,2.5191529073527446,0.7714482775410267,2357.0
EP-00167,layering,W0492,W0341,9627.0,TX-007849,1600.0,2.505903220768316,0.9438454598614856,18040.0
EP-00168,ato,W0335,W0341,9675.0,TX-007905,500.0,,0.0,18040.0
EP-00169,layering,W0574,W0515,9683.0,TX-007918,3660.0,17.593206774017347,0.8847032155784189,3280.0
EP-00170,scam,W0383,W0003,9686.0,TX-007920,13260.0,3.1770843642688904,0.6970524648205713,3783.0
EP-00171,ato,W0453,W0560,9714.0,TX-007950,6620.0,6.197671353185932,0.9217651689634678,2907.0
EP-00172,ato,W0356,W0487,9730.0,TX-007974,9090.0,8.896716589610037,0.9523776535551461,5111.0
EP-00173,layering,W0345,W0391,9740.0,TX-007990,19670.0,7.0454652226709875,0.8240016463070453,2933.0
EP-00174,layering,W0093,W0799,9745.0,TX-007994,1260.0,3.0654416892428342,0.9885710668738109,2993.0
EP-00175,layering,W0569,W0108,9765.0,TX-008024,7490.0,11.84802193407571,0.879985277410362,11883.0
EP-00176,ato,W0400,W0072,9803.0,TX-008080,10810.0,4.807444752554547,0.7518696616018323,3023.0
EP-00177,layering,W0767,W0515,9824.0,TX-008117,2960.0,5.584203087364113,0.8981937316191895,3280.0
EP-00178,layering,W0763,W0116,9831.0,TX-008126,810.0,4.5567488499122195,0.7030889304638801,4516.0
EP-00179,scam,W0037,W0153,9852.0,TX-008164,2510.0,7.0410070165153815,0.9489648973465329,7468.0
EP-00180,layering,W0590,W0352,9855.0,TX-008167,10530.0,8.058329307905762,0.7616832163993201,6350.0
EP-00181,ato,W0530,W0126,9856.0,TX-008169,1610.0,6.119444878300166,0.8434501994258313,2666.0
EP-00182,scam,W0492,W0611,9889.0,TX-008207,1040.0,4.05159296489746,0.9303862456526224,2722.0
EP-00183,scam,W0250,W0216,9910.0,TX-008227,870.0,2.7726528872046767,0.7630768895593398,2420.0
EP-00184,ato,W0442,W0515,9929.0,TX-008245,3030.0,8.787435291463137,0.8190456148871276,3280.0
EP-00185,ato,W0086,W0272,9951.0,TX-008277,19300.0,6.085058420050434,0.9212973475123376,731.0
EP-00186,scam,W0566,W0341,10041.0,TX-008333,7130.0,,0.0,18040.0
EP-00187,ato,W0345,W0341,10151.0,TX-008346,3830.0,3.5164090535301358,0.9536744138777776,18040.0
EP-00188,ato,W0345,W0355,10199.0,TX-008358,21120.0,2.6471953122451026,0.8352680591625905,17951.0
EP-00189,layering,W0689,W0352,10216.0,TX-008364,2410.0,9.80145447377887,0.9080570401802764,6350.0
EP-00190,ato,W0168,W0352,10643.0,TX-008549,1540.0,,0.0,6350.0
EP-00191,scam,W0069,W0589,10644.0,TX-008552,1100.0,,0.0,5731.0
EP-00192,ato,W0781,W0072,10716.0,TX-008629,1290.0,2.4280037751312267,0.9681436345697081,3023.0
EP-00193,scam,W0517,W0089,10813.0,TX-008719,2610.0,3.6720042548653606,0.8467259623259524,767.0
EP-00194,scam,W0616,W0394,10825.0,TX-008731,5370.0,10.40740216637636,0.6712488313938687,1748.0
EP-00195,ato,W0113,W0367,10834.0,TX-008741,5060.0,10.58582111106133,0.7701074602430985,989.0
EP-00196,layering,W0158,W0611,10861.0,TX-008772,13500.0,7.548929782972182,0.9363686455840143,2722.0
EP-00197,layering,W0306,W0003,10868.0,TX-008783,830.0,8.903380752526424,0.8301985744960835,3783.0
EP-00198,scam,W0330,W0404,10931.0,TX-008852,600.0,5.204455083682953,0.7407099150870683,2376.0
EP-00199,scam,W0255,W0086,10994.0,TX-008916,1870.0,,0.0,13203.0
EP-00200,ato,W0169,W0029,11003.0,TX-008929,4050.0,4.8370109317217835,0.9710752199566397,4300.0
EP-00201,scam,W0044,W0102,11025.0,TX-008950,1870.0,6.167363529682331,0.6976289773379405,1859.0
EP-00202,layering,W0576,W0560,11043.0,TX-008965,4290.0,4.784218120084647,0.798764231566135,2907.0
EP-00203,layering,W0275,W0799,11047.0,TX-008967,4890.0,5.654605438428974,0.792733467807941,2993.0
EP-00204,ato,W0530,W0509,11049.0,TX-008973,2970.0,4.939236437721351,0.7967089592422025,12948.0
EP-00205,layering,W0726,W0272,11059.0,TX-008992,500.0,5.364181223824313,0.923320105141865,731.0
EP-00206,ato,W0275,W0352,11103.0,TX-009045,4060.0,6.8191897252079,0.7867445875632069,6350.0
EP-00207,scam,W0013,W0666,11148.0,TX-009115,7930.0,,0.0,6725.0
EP-00208,ato,W0496,W0029,11183.0,TX-009160,6180.0,3.84545258285217,0.8181935160390393,4300.0
EP-00209,ato,W0770,W0357,11251.0,TX-009256,2140.0,4.171227530397056,0.662269612795271,12094.0
EP-00210,ato,W0465,W0515,11255.0,TX-009260,5170.0,3.654865988873704,0.9452900565091406,3280.0
EP-00211,layering,W0652,W0394,11301.0,TX-009318,7260.0,7.351118814604183,0.9580077679506034,1748.0
EP-00212,ato,W0619,W0723,11372.0,TX-009400,16380.0,8.953337986861847,0.6265914335191052,2357.0
EP-00213,layering,W0307,W0272,11458.0,TX-009484,1860.0,3.8970460178473085,0.7321192811166278,731.0
EP-00214,ato,W0729,W0273,12019.0,TX-009668,3890.0,,0.0,30547.0
EP-00215,ato,W0674,W0744,12032.0,TX-009690,9960.0,5.907684328300649,0.6080249030464253,26439.0
EP-00216,layering,W0338,W0754,12054.0,TX-009711,14320.0,4.340976305228456,0.8625212349405402,4570.0
EP-00217,ato,W0129,W0446,12057.0,TX-009714,930.0,4.29857270011029,0.7507165696630861,2771.0
EP-00218,scam,W0652,W0272,12081.0,TX-009746,4820.0,5.112236534611786,0.765197758563078,731.0
EP-00219,ato,W0395,W0375,12140.0,TX-009830,8740.0,,0.0,1103.0
EP-00220,layering,W0149,W0303,12228.0,TX-009928,3110.0,10.788794431179413,0.8537991806486573,9986.0
EP-00221,ato,W0088,W0089,12252.0,TX-009948,4220.0,18.273967604615358,0.6272131711947684,767.0
EP-00222,ato,W0549,W0696,12252.0,TX-009949,2190.0,14.73156506910674,0.7962893307834251,878.0
EP-00223,scam,W0538,W0515,12436.0,TX-010130,7650.0,2.2168184307746635,0.698055197479723,3280.0
EP-00224,ato,W0569,W0160,12460.0,TX-010163,4030.0,4.520617724697265,0.7802473676787666,4965.0
EP-00225,scam,W0442,W0003,12543.0,TX-010239,3510.0,4.229548816986308,0.6400078454133127,3783.0
EP-00226,layering,W0465,W0723,12581.0,TX-010301,10240.0,2.9357364345308454,0.678652051523941,2357.0
EP-00227,scam,W0672,W0029,12592.0,TX-010327,5530.0,4.591221868799823,0.6448511426341188,4300.0
EP-00228,layering,W0054,W0153,12599.0,TX-010343,2720.0,9.886961953029713,0.6495463020302401,7468.0
EP-00229,ato,W0671,W0722,12666.0,TX-010426,3940.0,4.660599461628352,0.6702142261627168,10030.0
EP-00230,layering,W0624,W0108,12682.0,TX-010450,3430.0,15.815851818141466,0.6673230984700752,11883.0
EP-00231,scam,W0098,W0708,12727.0,TX-010547,500.0,6.38431561813514,0.8576698194975081,2304.0
EP-00232,scam,W0309,W0357,12730.0,TX-010550,5240.0,,0.0,12094.0
EP-00233,scam,W0709,W0555,12771.0,TX-010609,6850.0,4.6391264452205005,0.7335396464900699,7039.0
EP-00234,scam,W0782,W0272,12793.0,TX-010635,2390.0,9.414933661725481,0.729477028434539,731.0
EP-00235,layering,W0042,W0723,12799.0,TX-010642,1380.0,4.2162440531063385,0.6012447315024791,2357.0
EP-00236,scam,W0488,W0098,12819.0,TX-010659,3650.0,9.559895844152148,0.9588540027295689,9643.0
EP-00237,ato,W0456,W0394,12833.0,TX-010675,1550.0,3.0017760813781513,0.7115924653149224,1748.0
EP-00238,layering,W0396,W0666,12842.0,TX-010680,19330.0,13.441762284648044,0.9797689710332349,6725.0
EP-00239,layering,W0041,W0272,12850.0,TX-010686,4370.0,9.621287482219252,0.6039049959912447,731.0
EP-00240,ato,W0410,W0137,12897.0,TX-010711,2210.0,4.621439232444794,0.6395279928922183,3020.0
EP-00241,ato,W0277,W0515,12904.0,TX-010714,4000.0,9.106026428601306,0.8330455966990475,3280.0
EP-00242,layering,W0701,W0205,12949.0,TX-010732,2100.0,8.958844088808625,0.6853260048212291,3682.0
EP-00243,ato,W0770,W0272,13310.0,TX-010780,16310.0,9.753217695110964,0.7511825646915342,731.0
EP-00244,ato,W0183,W0341,13415.0,TX-010836,1990.0,8.519466715740386,0.9298793468521473,18040.0
EP-00245,scam,W0496,W0341,13474.0,TX-010885,3660.0,,0.0,18040.0
EP-00246,scam,W0324,W0722,13501.0,TX-010905,1730.0,1.5462956939468446,0.8601586053017736,10030.0
EP-00247,scam,W0565,W0341,13516.0,TX-010932,790.0,2.9637689002231413,0.9171991331079826,18040.0
EP-00248,ato,W0323,W0666,13548.0,TX-010951,10960.0,8.027530956051603,0.879077308530017,6725.0
EP-00249,ato,W0374,W0560,13564.0,TX-010973,26240.0,13.100943496843666,0.7190437014129585,2907.0
EP-00250,ato,W0730,W0108,13575.0,TX-010993,1540.0,4.571193678388371,0.6510574184712303,11883.0
EP-00251,layering,W0429,W0144,13587.0,TX-011006,1090.0,8.62259547917012,0.8421804154742764,2199.0
EP-00252,scam,W0117,W0723,13595.0,TX-011015,2920.0,,0.0,2357.0
EP-00253,ato,W0504,W0464,13596.0,TX-011019,18130.0,7.291374960934351,0.8282127551172364,54945.0
EP-00254,scam,W0460,W0391,13609.0,TX-011042,3570.0,14.764470191918168,0.9180290190062934,2933.0
EP-00255,ato,W0474,W0722,13628.0,TX-011059,5950.0,2.0444742527358515,0.836549523160245,10030.0
EP-00256,scam,W0745,W0515,13628.0,TX-011060,5580.0,7.972651379072515,0.7154790131631483,3280.0
EP-00257,ato,W0395,W0029,13653.0,TX-011092,8010.0,3.3152668173248263,0.7932115001886455,4300.0
EP-00258,scam,W0197,W0127,13661.0,TX-011098,980.0,6.574804536311953,0.9722484870476252,7497.0
EP-00259,layering,W0368,W0108,13679.0,TX-011112,4660.0,13.005992528627488,0.810148738881415,11883.0
EP-00260,scam,W0471,W0137,13686.0,TX-011115,1050.0,6.332176593303625,0.6020334106655673,3020.0
EP-00261,ato,W0090,W0205,13691.0,TX-011117,9280.0,,0.0,3682.0
EP-00262,ato,W0070,W0310,13703.0,TX-011126,4000.0,,0.0,2744.0
EP-00263,layering,W0527,W0089,13718.0,TX-011140,1890.0,10.159337630529503,0.7102076716969623,767.0
EP-00264,scam,W0417,W0078,13731.0,TX-011153,3110.0,2.6536612544201867,0.7410772243383912,1243.0
EP-00265,ato,W0268,W0078,13817.0,TX-011244,660.0,11.212132903615533,0.6076748076415385,1243.0
EP-00266,layering,W0782,W0116,13823.0,TX-011254,7760.0,11.585008950963047,0.9300206006705005,4516.0
EP-00267,scam,W0640,W0409,13881.0,TX-011321,1890.0,7.5036534005246605,0.689986079243862,18207.0
EP-00268,ato,W0095,W0394,14003.0,TX-011450,3550.0,14.423120998919885,0.7176800659645761,1748.0
EP-00269,ato,W0766,W0272,14015.0,TX-011475,840.0,9.107828783146338,0.9056689740491617,731.0
EP-00270,scam,W0106,W0310,14074.0,TX-011570,16870.0,6.627389567452676,0.9619882269478272,2744.0
EP-00271,layering,W0256,W0355,14099.0,TX-011607,5150.0,2.2558411060359176,0.8428565004525911,17951.0
EP-00272,layering,W0255,W0341,14103.0,TX-011617,3570.0,4.5374912237533405,0.9880164868943283,18040.0
EP-00273,ato,W0506,W0003,14132.0,TX-011668,3100.0,8.91828907493378,0.6311035429968617,3783.0
EP-00274,scam,W0054,W0357,14137.0,TX-011682,1560.0,9.046384605944242,0.8989370357943266,12094.0
EP-00275,scam,W0798,W0108,14172.0,TX-011722,6770.0,8.639650064592987,0.8035800940806253,11883.0
EP-00276,layering,W0278,W0754,14177.0,TX-011729,1470.0,5.814372543527817,0.6043857705791627,4570.0
EP-00277,scam,W0388,W0341,14230.0,TX-011784,4000.0,6.082041234198938,0.9921906443649693,18040.0
EP-00278,layering,W0767,W0446,14252.0,TX-011798,12860.0,4.306717712858896,0.9271310480086162,2771.0
EP-00279,ato,W0671,W0754,14520.0,TX-011879,5920.0,9.114272475614738,0.7903660072315009,4570.0
EP-00280,scam,W0379,W0355,14804.0,TX-011928,2790.0,11.118531644609853,0.6899956138004593,17951.0
EP-00281,scam,W0229,W0310,14840.0,TX-011958,5380.0,5.464802691244541,0.7608526267187747,2744.0
EP-00282,scam,W0234,W0153,14876.0,TX-011989,2350.0,5.741113401188231,0.9362197076631107,7468.0
EP-00283,layering,W0123,W0003,14983.0,TX-012096,27370.0,6.639794274173653,0.8426414738047472,3783.0
EP-00284,layering,W0757,W0108,14995.0,TX-012105,2710.0,2.591919998793491,0.9087857847391954,11883.0
EP-00285,layering,W0138,W0205,15064.0,TX-012183,8260.0,13.1042470271796,0.8699119032746903,3682.0
EP-00286,layering,W0782,W0108,15091.0,TX-012215,5940.0,1.2810853111890954,0.7064077214770423,11883.0
EP-00287,scam,W0293,W0359,15115.0,TX-012253,2410.0,8.547164316384846,0.9858338609209707,36562.0
EP-00288,ato,W0541,W0116,15167.0,TX-012315,5650.0,12.702686086656582,0.8291798479546334,4516.0
EP-00289,ato,W0040,W0137,15172.0,TX-012328,5660.0,13.092871881582782,0.7869661991583355,3020.0
EP-00290,ato,W0740,W0352,15174.0,TX-012329,5010.0,6.1665184779421764,0.9394166225267955,6350.0
EP-00291,scam,W0106,W0794,15316.0,TX-012482,3630.0,4.7503851428354995,0.8445539956047372,4173.0
EP-00292,ato,W0123,W0205,15349.0,TX-012530,24930.0,,0.0,3682.0
EP-00293,scam,W0733,W0353,15357.0,TX-012542,2830.0,4.427825328652785,0.9516705690898573,6715.0
EP-00294,scam,W0624,W0116,15368.0,TX-012561,1350.0,18.15858191163265,0.6315117072070108,4516.0
EP-00295,layering,W0082,W0352,15456.0,TX-012663,5880.0,3.521308895791863,0.7660551669346872,6350.0
EP-00296,layering,W0696,W0560,15503.0,TX-012725,3500.0,11.900473137513183,0.787723013818563,2907.0
EP-00297,scam,W0379,W0464,15520.0,TX-012757,540.0,,0.0,54945.0
EP-00298,scam,W0278,W0783,15540.0,TX-012784,3810.0,6.559333380181036,0.733068332097264,3972.0
EP-00299,ato,W0672,W0137,15557.0,TX-012829,15080.0,7.451887449940605,0.8344374148069859,3020.0
EP-00300,layering,W0554,W0003,15605.0,TX-012898,7120.0,3.854086207218817,0.8183631816964774,3783.0
EP-00301,ato,W0719,W0116,15633.0,TX-012945,7190.0,9.538840134600356,0.7936146903856006,4516.0
EP-00302,ato,W0493,W0391,15695.0,TX-012996,1980.0,,0.0,2933.0
EP-00303,ato,W0082,W0122,16237.0,TX-013133,1550.0,4.1028154493260836,0.9680486984250084,1220.0
EP-00304,scam,W0157,W0116,16251.0,TX-013143,930.0,12.450684806766692,0.8547975601385467,4516.0
EP-00305,ato,W0742,W0310,16342.0,TX-013225,3230.0,9.757326467122832,0.9610879718084604,2744.0
EP-00306,scam,W0487,W0303,16417.0,TX-013321,3140.0,6.259494709700267,0.9930036965268682,9986.0
EP-00307,ato,W0322,W0137,16454.0,TX-013356,7980.0,2.8746144930736772,0.7402119519031644,3020.0
EP-00308,layering,W0693,W0352,16472.0,TX-013373,2660.0,7.7958311704069025,0.869476905667591,6350.0
EP-00309,scam,W0386,W0029,16516.0,TX-013434,7020.0,4.772591626094444,0.7127813011689338,4300.0
EP-00310,ato,W0088,W0108,16548.0,TX-013462,2380.0,,0.0,11883.0
EP-00311,layering,W0777,W0137,16648.0,TX-013552,10040.0,16.890980737784307,0.9105399713083651,3020.0
EP-00312,ato,W0265,W0525,16658.0,TX-013561,5270.0,8.80025917147719,0.8765228365997694,15647.0
EP-00313,layering,W0431,W0722,16668.0,TX-013573,2960.0,5.421330538634152,0.7235508618784426,10030.0
EP-00314,layering,W0477,W0611,16673.0,TX-013581,900.0,2.483304505120484,0.9082595217266458,2722.0
EP-00315,layering,W0361,W0799,16711.0,TX-013639,7430.0,12.800298889229435,0.8855810336588872,2993.0
EP-00316,layering,W0279,W0108,16768.0,TX-013690,2170.0,13.757335329936776,0.6942825254073544,11883.0
EP-00317,ato,W0785,W0472,16809.0,TX-013728,2190.0,5.885312445604267,0.661885070184783,7307.0
EP-00318,layering,W0482,W0116,16810.0,TX-013732,2350.0,11.75646654744089,0.9541475245094001,4516.0
EP-00319,layering,W0758,W0029,16834.0,TX-013754,8860.0,3.5159466758828732,0.8235756530454706,4300.0
EP-00320,scam,W0616,W0205,16879.0,TX-013800,6310.0,5.807702559606541,0.7123239393518054,3682.0
EP-00321,scam,W0388,W0723,16905.0,TX-013841,12480.0,11.910974606045496,0.6102424651545217,2357.0
EP-00322,layering,W0090,W0754,16917.0,TX-013854,13640.0,5.377961893154511,0.6899401427875934,4570.0
EP-00323,ato,W0264,W0735,16918.0,TX-013858,3380.0,,0.0,3112.0
EP-00324,ato,W0742,W0560,16974.0,TX-013925,7960.0,7.969967286761532,0.9938690638936007,2907.0
EP-00325,layering,W0634,W0611,16996.0,TX-013959,3180.0,4.026197671616305,0.689495235009161,2722.0
EP-00326,scam,W0040,W0089,17012.0,TX-013990,8320.0,10.866230269844737,0.9325196054899441,767.0
EP-00327,layering,W0598,W0355,17074.0,TX-014085,8060.0,1.8835985867360077,0.8815219601739477,17951.0
EP-00328,layering,W0293,W0205,17160.0,TX-014169,1540.0,9.398676768598289,0.820898759977203,3682.0
EP-00329,scam,W0366,W0025,17188.0,TX-014184,1480.0,1.9659744741398877,0.7155063638619692,3657.0
EP-00330,layering,W0032,W0089,17206.0,TX-014197,18360.0,8.520703952485299,0.9119279351834723,767.0
EP-00331,layering,W0674,W0560,17304.0,TX-014237,13410.0,9.318087714561994,0.9681547997151879,2907.0
EP-00332,ato,W0761,W0446,17690.0,TX-014306,36100.0,,0.0,2771.0
EP-00333,layering,W0193,W0072,17821.0,TX-014419,2970.0,4.075462727952584,0.9279404969412774,3023.0
EP-00334,layering,W0763,W0078,17867.0,TX-014475,1260.0,4.11396759809141,0.9126860721184601,1243.0
EP-00335,ato,W0334,W0357,17888.0,TX-014507,3370.0,8.619213684569438,0.799441339339629,12094.0
EP-00336,scam,W0742,W0341,18016.0,TX-014665,4980.0,3.5640397090080556,0.669880085822423,18040.0
EP-00337,ato,W0311,W0352,18024.0,TX-014675,500.0,8.666988745156603,0.767163130387689,6350.0
EP-00338,ato,W0737,W0089,18083.0,TX-014733,13090.0,18.804057622265134,0.8029457368533672,767.0
EP-00339,scam,W0590,W0153,18192.0,TX-014830,2550.0,,0.0,7468.0
EP-00340,scam,W0610,W0341,18311.0,TX-014959,1980.0,2.0569139911259686,0.8101706596769835,18040.0
EP-00341,ato,W0549,W0341,18362.0,TX-015041,6320.0,1.9701397348873047,0.6790484651875532,18040.0
EP-00342,ato,W0088,W0394,18401.0,TX-015102,500.0,3.8392656710270012,0.6437564851974523,1748.0
EP-00343,ato,W0389,W0102,18411.0,TX-015116,3750.0,10.186512923230971,0.6745554927191715,1859.0
EP-00344,scam,W0211,W0560,18432.0,TX-015143,5600.0,21.522243908745565,0.862666342286023,2907.0
EP-00345,scam,W0204,W0303,18433.0,TX-015146,890.0,4.906923443627598,0.9461459926575376,9986.0
EP-00346,layering,W0701,W0205,18461.0,TX-015176,550.0,11.254378031065572,0.6511137842860735,3682.0
EP-00347,scam,W0760,W0446,18464.0,TX-015184,6940.0,,0.0,2771.0
EP-00348,layering,W0273,W0754,18529.0,TX-015271,11330.0,8.661447205958012,0.7980549770719867,4570.0
EP-00349,scam,W0239,W0357,18609.0,TX-015332,5620.0,3.714437299913409,0.9596240535689693,12094.0
EP-00350,ato,W0156,W0058,18636.0,TX-015353,1940.0,2.4373808878207,0.9989272029440818,2201.0
EP-00351,ato,W0142,W0656,18678.0,TX-015377,2970.0,9.530295417382538,0.6708483517403054,7641.0
EP-00352,ato,W0388,W0516,18724.0,TX-015399,10620.0,,0.0,2245.0
EP-00353,scam,W0525,W0400,18919.0,TX-015418,1580.0,4.284961464814504,0.7351512857247708,2953.0
EP-00354,layering,W0672,W0102,19210.0,TX-015529,23350.0,9.590416950537081,0.8015699245490985,1859.0
EP-00355,layering,W0021,W0799,19214.0,TX-015533,1150.0,15.584708574930886,0.8902916374934023,2993.0
EP-00356,ato,W0175,W0302,19241.0,TX-015561,1100.0,11.089949670888203,0.7168185757699983,1206.0
EP-00357,layering,W0607,W0310,19266.0,TX-015586,1790.0,7.032178758964644,0.9598450454341654,2744.0
EP-00358,layering,W0279,W0116,19296.0,TX-015631,10390.0,3.055690691054038,0.9602159188371595,4516.0
EP-00359,layering,W0406,W0794,19364.0,TX-015707,3190.0,6.287600355010767,0.9579658873375927,4173.0
EP-00360,ato,W0699,W0072,19369.0,TX-015715,1920.0,4.979258292506701,0.8055634140086012,3023.0
EP-00361,ato,W0530,W0029,19376.0,TX-015729,2330.0,6.671287714061146,0.7767150625396536,4300.0
EP-00362,scam,W0086,W0357,19405.0,TX-015768,5070.0,5.963861153108558,0.7232900739960831,12094.0
EP-00363,ato,W0479,W0303,19413.0,TX-015784,10950.0,1.5686175728225369,0.8553861014389121,9986.0
EP-00364,ato,W0793,W0144,19417.0,TX-015793,21970.0,4.612822720261176,0.917674233996382,2199.0
EP-00365,ato,W0066,W0611,19419.0,TX-015795,4330.0,9.691834499117949,0.6399314745996997,2722.0
EP-00366,ato,W0295,W0108,19478.0,TX-015872,4130.0,4.152273313258018,0.7722862616867675,11883.0
EP-00367,scam,W0382,W0116,19512.0,TX-015908,2450.0,6.420413728039897,0.7901594531613596,4516.0
EP-00368,ato,W0356,W0754,19519.0,TX-015922,2770.0,3.1011953138385104,0.6561003892365029,4570.0
EP-00369,scam,W0252,W0303,19531.0,TX-015941,1930.0,9.314066647089888,0.994393284247473,9986.0
EP-00370,scam,W0085,W0394,19539.0,TX-015944,4030.0,3.1847902844894915,0.6973743594896022,1748.0
EP-00371,layering,W0388,W0341,19615.0,TX-016032,12750.0,9.68855605834731,0.8497465700597459,18040.0
EP-00372,scam,W0750,W0394,19651.0,TX-016076,880.0,6.245734461682873,0.7178458442058275,1748.0
EP-00373,scam,W0182,W0234,19736.0,TX-016185,1580.0,4.356247023773648,0.7647034802195019,1661.0
EP-00374,ato,W0593,W0357,19760.0,TX-016228,9910.0,8.77548376420505,0.7366665179610492,12094.0
EP-00375,ato,W0695,W0137,19766.0,TX-016233,9480.0,2.613935753774774,0.6036653901507246,3020.0
EP-00376,scam,W0503,W0201,19787.0,TX-016256,7520.0,,0.0,21184.0
EP-00377,layering,W0663,W0723,19792.0,TX-016265,9620.0,3.0916424238368263,0.7372911045655369,2357.0
EP-00378,ato,W0763,W0072,19824.0,TX-016308,3670.0,2.0661141542237655,0.7387264617033167,3023.0
EP-00379,layering,W0384,W0794,19847.0,TX-016350,5230.0,13.464517863548448,0.7467049634662104,4173.0
EP-00380,scam,W0566,W0102,19902.0,TX-016415,2440.0,4.886988377927354,0.8967177873751266,1859.0
EP-00381,layering,W0239,W0272,19915.0,TX-016435,2120.0,8.43005455924313,0.8612256674974617,731.0
EP-00382,layering,W0082,W0799,19922.0,TX-016451,7270.0,9.373670742777204,0.7878590764097237,2993.0
EP-00383,scam,W0533,W0515,19930.0,TX-016462,6740.0,5.511073941816549,0.6224212701877765,3280.0
EP-00384,scam,W0607,W0078,19931.0,TX-016464,1580.0,18.526036110014445,0.9716291333380672,1243.0
EP-00385,scam,W0082,W0394,19945.0,TX-016487,3090.0,8.699251388298322,0.7594900297372181,1748.0
EP-00386,layering,W0552,W0089,19946.0,TX-016492,2920.0,9.351079072203836,0.8298694403046257,767.0
EP-00387,layering,W0544,W0611,19960.0,TX-016515,29890.0,7.282632892449435,0.8836041372899341,2722.0
EP-00388,scam,W0411,W0144,20025.0,TX-016589,2080.0,2.7464431561772633,0.6222662396299099,2199.0
EP-00389,scam,W0678,W0089,20069.0,TX-016628,2930.0,3.4650208696571485,0.8020729640991949,767.0
EP-00390,layering,W0242,W0394,20076.0,TX-016633,4530.0,2.029482787341986,0.8079067592627145,1748.0
EP-00391,layering,W0304,W0089,20081.0,TX-016643,2320.0,3.58824168855157,0.8241629276969102,767.0
EP-00392,layering,W0765,W0446,20561.0,TX-016734,10020.0,15.972011256464864,0.8734694352309442,2771.0
EP-00393,layering,W0581,W0003,20616.0,TX-016784,1720.0,18.039272496570767,0.6628994562195253,3783.0
EP-00394,scam,W0581,W0794,20622.0,TX-016794,1150.0,4.459844066435465,0.6074003155484642,4173.0
EP-00395,scam,W0123,W0754,20657.0,TX-016838,18740.0,,0.0,4570.0
EP-00396,scam,W0244,W0255,20661.0,TX-016843,2190.0,5.685851631173629,0.9520724997190405,4875.0
EP-00397,ato,W0269,W0595,20685.0,TX-016863,5910.0,9.617734812679599,0.691899646590584,1178.0
EP-00398,scam,W0379,W0116,20715.0,TX-016897,3160.0,8.012076189601874,0.7635427270292222,4516.0
EP-00399,layering,W0301,W0611,20724.0,TX-016918,18670.0,5.913483052915025,0.6866408778725531,2722.0
EP-00400,layering,W0786,W0799,20748.0,TX-016943,7150.0,4.975197259787837,0.7660212293831893,2993.0
EP-00401,scam,W0674,W0357,20769.0,TX-016979,11750.0,3.369246118729692,0.8139416167304739,12094.0
EP-00402,layering,W0587,W0357,20802.0,TX-017026,11980.0,4.226744945725638,0.9138608168846214,12094.0
EP-00403,ato,W0035,W0072,20819.0,TX-017052,1660.0,3.9687782337179445,0.9958778554383494,3023.0
EP-00404,layering,W0476,W0355,20824.0,TX-017059,2430.0,6.5847431550883035,0.7663303242604242,17951.0
EP-00405,scam,W0297,W0723,20833.0,TX-017066,10410.0,15.102237364194263,0.6451444619281946,2357.0
EP-00406,scam,W0283,W0661,20834.0,TX-017067,3170.0,5.402880543244009,0.9158093234416825,12678.0
EP-00407,ato,W0192,W0075,20897.0,TX-017162,1510.0,7.281249764971273,0.9605889564456351,11020.0
EP-00408,scam,W0280,W0799,20911.0,TX-017175,5210.0,5.469814597955934,0.8841920002518104,2993.0
EP-00409,ato,W0309,W0048,20918.0,TX-017185,5440.0,11.609976599036095,0.7062545634141274,2731.0
EP-00410,layering,W0646,W0666,20973.0,TX-017235,1190.0,10.048763682490332,0.6402717914926007,6725.0
EP-00411,ato,W0508,W0205,21001.0,TX-017264,9590.0,4.9042986577455245,0.92556491508164,3682.0
EP-00412,ato,W0696,W0560,21043.0,TX-017313,3150.0,10.43784366264796,0.6933866016532672,2907.0
EP-00413,ato,W0211,W0794,21046.0,TX-017317,1920.0,2.8965226690664743,0.8313903274047716,4173.0
EP-00414,scam,W0419,W0611,21113.0,TX-017401,1170.0,6.707000224847805,0.7840161626119218,2722.0
EP-00415,scam,W0512,W0072,21148.0,TX-017446,3230.0,5.289630415974107,0.9997910984598996,3023.0
EP-00416,layering,W0155,W0352,21168.0,TX-017469,8140.0,12.98540205459319,0.9772811153495012,6350.0
EP-00417,ato,W0018,W0078,21214.0,TX-017529,800.0,8.032126951826289,0.6721213777945368,1243.0
EP-00418,layering,W0307,W0272,21278.0,TX-017626,1710.0,8.955829519012743,0.8434363215024913,731.0
EP-00419,ato,W0527,W0560,21316.0,TX-017685,3500.0,4.29371512265465,0.9470321873751462,2907.0
EP-00420,layering,W0337,W0446,21341.0,TX-017714,15230.0,10.03911477163866,0.6420789397761248,2771.0
EP-00421,layering,W0198,W0355,21350.0,TX-017727,1320.0,14.723510335474904,0.741244380029355,17951.0
EP-00422,scam,W0063,W0610,21367.0,TX-017754,1460.0,4.050120920782777,0.7643440519874978,1323.0
EP-00423,layering,W0274,W0341,21373.0,TX-017762,4690.0,2.850060511335833,0.989243208106125,18040.0
EP-00424,scam,W0141,W0303,21381.0,TX-017772,10890.0,,0.0,9986.0
EP-00425,scam,W0601,W0310,21406.0,TX-017802,9280.0,4.159030170431098,0.898098575288585,2744.0
EP-00426,scam,W0650,W0078,21428.0,TX-017837,5200.0,,0.0,1243.0
EP-00427,layering,W0416,W0723,21454.0,TX-017856,8000.0,5.967032269333666,0.7913602016093145,2357.0
EP-00428,layering,W0043,W0116,21460.0,TX-017864,8390.0,4.958232361072753,0.690510490017348,4516.0
EP-00429,scam,W0669,W0102,21559.0,TX-017934,6100.0,,0.0,1859.0
EP-00430,ato,W0442,W0137,21614.0,TX-017955,7650.0,,0.0,3020.0
EP-00431,ato,W0069,W0108,21678.0,TX-017966,1150.0,10.036887737300017,0.7611359363757451,11883.0
EP-00432,layering,W0170,W0137,21787.0,TX-017990,10790.0,8.095227089718025,0.74328687023656,3020.0
EP-00433,scam,W0526,W0695,22011.0,TX-018047,600.0,3.878347261150825,0.9080561629948002,7757.0
EP-00434,ato,W0433,W0108,22051.0,TX-018072,2400.0,3.4760962319279747,0.6172500064467533,11883.0
EP-00435,ato,W0538,W0794,22088.0,TX-018102,4800.0,,0.0,4173.0
EP-00436,layering,W0520,W0341,22115.0,TX-018148,3110.0,8.38345189499912,0.8943653240912073,18040.0
EP-00437,scam,W0670,W0611,22234.0,TX-018261,4280.0,4.482105086567414,0.8098509444592163,2722.0
EP-00438,layering,W0142,W0089,22255.0,TX-018284,4660.0,5.070660752713212,0.6725262527721557,767.0
EP-00439,layering,W0388,W0310,22271.0,TX-018295,6930.0,4.477397184715826,0.7814858315683492,2744.0
EP-00440,scam,W0193,W0102,22290.0,TX-018317,1410.0,2.426019484787596,0.6097018395016244,1859.0
EP-00441,ato,W0214,W0441,22291.0,TX-018318,1530.0,7.408649522075146,0.7833866411383507,13050.0
EP-00442,scam,W0207,W0515,22295.0,TX-018321,1480.0,,0.0,3280.0
EP-00443,ato,W0266,W0303,22298.0,TX-018323,5660.0,8.068843162465386,0.8085221145979588,9986.0
EP-00444,scam,W0103,W0473,22321.0,TX-018350,1360.0,3.194744886706217,0.6699028636000519,2753.0
EP-00445,layering,W0011,W0722,22362.0,TX-018391,4510.0,5.631257348609265,0.8735918114610264,10030.0
EP-00446,scam,W0670,W0402,22415.0,TX-018466,17830.0,2.9873212630315895,0.8275460550974288,21884.0
EP-00447,scam,W0068,W0355,22467.0,TX-018516,940.0,7.201700511574778,0.775782354892459,17951.0
EP-00448,scam,W0495,W0464,22499.0,TX-018547,6080.0,5.528264402393823,0.7161412913055297,54945.0
EP-00449,ato,W0387,W0744,22530.0,TX-018595,13200.0,11.772464710505602,0.7627819242328373,26439.0
EP-00450,layering,W0192,W0355,22548.0,TX-018620,4130.0,4.967668918166503,0.7463805430358593,17951.0
EP-00451,ato,W0054,W0116,22580.0,TX-018654,2560.0,,0.0,4516.0
EP-00452,layering,W0449,W0611,22591.0,TX-018677,1510.0,2.841242488935483,0.9832530918305644,2722.0
EP-00453,scam,W0761,W0512,22676.0,TX-018754,21560.0,7.993541388295533,0.7812616653207698,1473.0
EP-00454,scam,W0130,W0529,22697.0,TX-018788,4200.0,3.333893750737126,0.7095653913452333,5744.0
EP-00455,ato,W0482,W0666,22737.0,TX-018843,12180.0,3.301705360294665,0.9828873115763737,6725.0
EP-00456,scam,W0159,W0005,22770.0,TX-018904,1740.0,3.224992947454612,0.6546496110939152,15780.0
EP-00457,ato,W0462,W0089,22807.0,TX-018965,1500.0,4.633402667879335,0.7205418569383099,767.0
EP-00458,layering,W0425,W0153,22894.0,TX-019082,30610.0,6.8759062368436465,0.6085231825828519,7468.0
EP-00459,layering,W0487,W0799,22922.0,TX-019111,1690.0,6.529746537674162,0.9570004225846378,2993.0
EP-00460,layering,W0425,W0078,22950.0,TX-019129,4350.0,4.9554648858872365,0.8999305566631339,1243.0
EP-00461,layering,W0346,W0089,22973.0,TX-019139,8080.0,11.821155682873297,0.8029526157754705,767.0
EP-00462,scam,W0336,W0153,23149.0,TX-019183,6740.0,2.7976641408957565,0.7526790118175143,7468.0
EP-00463,ato,W0708,W0560,23378.0,TX-019216,9990.0,4.925891083384683,0.7973364696539658,2907.0
EP-00464,layering,W0140,W0303,23393.0,TX-019221,10680.0,2.712737605835827,0.7585736947320255,9986.0
EP-00465,scam,W0477,W0754,23413.0,TX-019232,580.0,4.5848401470954645,0.9970428074403997,4570.0
EP-00466,ato,W0727,W0611,23420.0,TX-019235,2730.0,7.15137695340119,0.8770546038087506,2722.0
EP-00467,ato,W0294,W0089,23491.0,TX-019288,8130.0,8.81833769969875,0.7928314290067191,767.0
EP-00468,ato,W0068,W0666,23528.0,TX-019322,3910.0,4.954482937861242,0.8403938466936786,6725.0
EP-00469,layering,W0674,W0357,23583.0,TX-019378,21470.0,2.6030749593252582,0.6587109285290284,12094.0
EP-00470,scam,W0672,W0116,23600.0,TX-019399,4390.0,5.395871344882542,0.705766249352813,4516.0
EP-00471,ato,W0127,W0108,23682.0,TX-019491,4540.0,18.42453009484226,0.8165977070645365,11883.0
EP-00472,scam,W0396,W0310,23713.0,TX-019547,2080.0,4.613119135073781,0.6193643124446044,2744.0
EP-00473,scam,W0457,W0137,23717.0,TX-019550,1760.0,9.963454781406876,0.6678548754077438,3020.0
EP-00474,layering,W0260,W0352,23724.0,TX-019558,13980.0,12.255556211074817,0.7208512330203324,6350.0
EP-00475,layering,W0187,W0072,23743.0,TX-019583,7320.0,4.377406615377372,0.8429956195948907,3023.0
EP-00476,ato,W0643,W0357,23770.0,TX-019624,4290.0,4.082880885638075,0.6465802802499101,12094.0
EP-00477,ato,W0770,W0341,23788.0,TX-019641,12090.0,5.477542102640154,0.9686870680993633,18040.0
EP-00478,layering,W0170,W0029,23815.0,TX-019675,14210.0,5.172099526992489,0.7867678620734939,4300.0
EP-00479,scam,W0307,W0560,23888.0,TX-019750,6860.0,2.346386267269729,0.8507063155060857,2907.0
EP-00480,scam,W0700,W0611,23893.0,TX-019760,38930.0,,0.0,2722.0
EP-00481,scam,W0782,W0108,23914.0,TX-019793,2640.0,4.168494413036947,0.6509506130619823,11883.0
EP-00482,ato,W0274,W0341,23932.0,TX-019819,690.0,6.221700139108184,0.8786429645889051,18040.0
EP-00483,ato,W0403,W0029,23954.0,TX-019845,600.0,4.873242884157809,0.6029351630552214,4300.0
EP-00484,scam,W0032,W0205,23975.0,TX-019868,4630.0,5.639284110277835,0.966038905263731,3682.0
EP-00485,layering,W0412,W0303,23980.0,TX-019881,3210.0,1.6957298400721414,0.748024271663909,9986.0
EP-00486,ato,W0566,W0754,23998.0,TX-019898,16160.0,16.48124667469545,0.6278947449132725,4570.0
EP-00487,ato,W0244,W0116,24053.0,TX-019973,3720.0,2.540796058282371,0.9925851490555387,4516.0
