wallet_id,wallet_type,status,balance_bdt,district,account_age_days,daily_txn_count,risk_score
W001,customer,active,0,Dhaka,420,4,0.08
W002,customer,active,10000,Dhaka,310,18,0.82
W003,customer,active,0,Gazipur,95,27,0.91
W004,customer,active,0,Narayanganj,140,21,0.88
W005,customer,active,1000,Dhaka,180,15,0.79
W006,customer,active,4000,Chattogram,260,12,0.67
W007,agent,active,173000,Dhaka,780,64,0.45
W008,customer,active,1000,Dhaka,520,6,0.12
W009,customer,active,1500,Sylhet,390,8,0.18
W010,customer,active,7000,Dhaka,610,5,0.09
