transaction_id,scenario_id,scenario,timestamp,sender_wallet,receiver_wallet,amount_bdt,transaction_type,status,channel,sender_velocity,receiver_velocity,new_relationship,rapid_forwarding,account_age_days,device_changed,merchant_flag,is_fraud,next_action
TX-000000,account_takeover-0000,account_takeover,2026-10-01 00:00:00+06:00,W002,W018,15000,transfer,completed,ussd,7,1,1,1,9,1,0,1,forward
TX-000001,normal-0000,normal,2026-10-01 00:03:00+06:00,W015,W033,2500,transfer,completed,ussd,1,3,0,0,587,0,0,0,other
TX-000002,scam_transaction-0000,scam_transaction,2026-10-01 00:06:00+06:00,W001,CASHOUT,30000,cashout,completed,app,4,4,1,1,225,1,0,1,cashout
TX-000003,normal-0000,normal,2026-10-01 00:09:00+06:00,W017,W003,1200,transfer,completed,app,3,1,0,0,955,0,0,0,other
TX-000004,account_takeover-0001,account_takeover,2026-10-01 00:12:00+06:00,W024,W037,15000,transfer,completed,ussd,11,1,1,1,5,1,0,1,other
TX-000005,scam_transaction-0001,scam_transaction,2026-10-01 00:15:00+06:00,W007,W025,15000,transfer,completed,ussd,5,4,1,1,120,1,0,1,cashout
TX-000006,normal-0001,normal,2026-10-01 00:18:00+06:00,W011,W035,500,transfer,completed,ussd,1,2,0,0,957,0,0,0,other
TX-000007,account_takeover-0001,account_takeover,2026-10-01 00:21:00+06:00,W021,CASHOUT,15000,cashout,completed,app,12,1,1,1,23,1,0,1,forward
TX-000008,legitimate_merchant-0002,legitimate_merchant,2026-10-01 00:24:00+06:00,W021,W014,7000,transfer,completed,app,11,20,0,0,792,0,1,0,other
TX-000009,normal-0002,normal,2026-10-01 00:27:00+06:00,W038,W028,2500,transfer,completed,app,2,2,0,0,629,0,0,0,forward
TX-000010,normal-0002,normal,2026-10-01 00:30:00+06:00,W008,W010,500,transfer,completed,ussd,3,2,0,0,310,0,0,0,other
TX-000011,normal-0002,normal,2026-10-01 00:33:00+06:00,W036,CASHOUT,250,cashout,completed,ussd,3,3,0,0,726,0,0,0,other
TX-000012,normal-0003,normal,2026-10-01 00:36:00+06:00,W017,W033,500,transfer,completed,app,3,1,0,0,791,0,0,0,other
TX-000013,normal-0003,normal,2026-10-01 00:39:00+06:00,W034,W001,2500,transfer,completed,app,2,2,0,0,219,0,0,0,other
TX-000014,scam_transaction-0003,scam_transaction,2026-10-01 00:42:00+06:00,W020,CASHOUT,5000,cashout,completed,app,3,2,1,1,154,0,0,1,cashout
TX-000015,normal-0003,normal,2026-10-01 00:45:00+06:00,W017,W034,2500,transfer,completed,app,2,1,0,0,1284,0,0,0,other
TX-000016,money_mule-0004,money_mule,2026-10-01 00:48:00+06:00,W024,CASHOUT,15000,cashout,completed,app,8,8,1,1,38,0,0,1,cashout
TX-000017,normal-0004,normal,2026-10-01 00:51:00+06:00,W015,CASHOUT,250,cashout,completed,app,3,3,0,0,300,0,0,0,forward
TX-000018,normal-0004,normal,2026-10-01 00:54:00+06:00,W033,W016,800,transfer,completed,app,3,2,0,0,618,0,0,0,other
TX-000019,account_takeover-0004,account_takeover,2026-10-01 00:57:00+06:00,W016,W031,50000,transfer,completed,app,7,1,1,1,9,1,0,1,cashout
TX-000020,scam_transaction-0005,scam_transaction,2026-10-01 01:00:00+06:00,W004,W007,5000,transfer,completed,app,5,4,1,0,57,1,0,1,forward
TX-000021,normal-0005,normal,2026-10-01 01:03:00+06:00,W030,W016,250,transfer,completed,app,2,3,0,0,380,0,0,0,other
TX-000022,normal-0005,normal,2026-10-01 01:06:00+06:00,W006,W016,500,transfer,completed,app,2,2,0,0,1165,0,0,0,other
TX-000023,normal-0005,normal,2026-10-01 01:09:00+06:00,W001,W025,800,transfer,completed,ussd,2,2,0,0,1046,0,0,0,cashout
TX-000024,legitimate_unusual-0006,legitimate_unusual,2026-10-01 01:12:00+06:00,W038,W035,4000,transfer,completed,agent,4,1,1,1,1156,0,0,0,forward
TX-000025,legitimate_unusual-0006,legitimate_unusual,2026-10-01 01:15:00+06:00,W006,W012,4000,transfer,completed,agent,6,1,1,0,661,0,0,0,other
TX-000026,account_takeover-0006,account_takeover,2026-10-01 01:18:00+06:00,W003,W040,8000,transfer,completed,app,9,3,1,1,40,1,0,1,forward
TX-000027,money_mule-0006,money_mule,2026-10-01 01:21:00+06:00,W016,W017,15000,transfer,completed,agent,9,9,1,1,68,0,0,1,other
TX-000028,normal-0007,normal,2026-10-01 01:24:00+06:00,W040,W037,250,transfer,completed,ussd,1,3,0,0,616,0,0,0,other
TX-000029,normal-0007,normal,2026-10-01 01:27:00+06:00,W016,W024,800,transfer,completed,ussd,1,2,0,0,1292,0,0,0,other
TX-000030,account_takeover-0007,account_takeover,2026-10-01 01:30:00+06:00,W001,CASHOUT,20000,cashout,completed,app,11,1,1,1,11,1,0,1,forward
TX-000031,account_takeover-0007,account_takeover,2026-10-01 01:33:00+06:00,W018,W019,15000,transfer,completed,app,11,2,1,1,16,1,0,1,cashout
TX-000032,legitimate_merchant-0008,legitimate_merchant,2026-10-01 01:36:00+06:00,W004,W006,7000,transfer,completed,app,9,6,1,0,1554,0,1,0,cashout
TX-000033,normal-0008,normal,2026-10-01 01:39:00+06:00,W028,W036,250,transfer,completed,app,1,1,0,0,485,0,0,0,other
TX-000034,normal-0008,normal,2026-10-01 01:42:00+06:00,W009,W003,800,transfer,completed,app,2,1,0,0,912,0,0,0,other
TX-000035,normal-0008,normal,2026-10-01 01:45:00+06:00,W036,W027,2500,transfer,completed,app,3,1,0,0,664,0,0,0,other
TX-000036,scam_transaction-0009,scam_transaction,2026-10-01 01:48:00+06:00,W002,W012,15000,transfer,completed,ussd,5,3,1,1,231,0,0,1,cashout
TX-000037,normal-0009,normal,2026-10-01 01:51:00+06:00,W030,W023,800,transfer,completed,app,1,1,0,0,228,0,0,0,cashout
TX-000038,normal-0009,normal,2026-10-01 01:54:00+06:00,W018,W023,2500,transfer,completed,ussd,2,3,0,0,1278,0,0,0,forward
TX-000039,legitimate_unusual-0009,legitimate_unusual,2026-10-01 01:57:00+06:00,W012,CASHOUT,8000,cashout,completed,agent,2,1,1,0,887,0,0,0,other
TX-000040,normal-0010,normal,2026-10-01 02:00:00+06:00,W025,W037,500,transfer,completed,app,2,1,0,0,1073,0,0,0,other
TX-000041,money_mule-0010,money_mule,2026-10-01 02:03:00+06:00,W013,W024,15000,transfer,completed,app,8,10,1,1,50,0,0,1,forward
TX-000042,normal-0010,normal,2026-10-01 02:06:00+06:00,W027,W021,1200,transfer,completed,app,3,2,0,0,1315,0,0,0,other
TX-000043,normal-0010,normal,2026-10-01 02:09:00+06:00,W012,W040,2500,transfer,completed,app,2,2,0,0,1302,0,0,0,cashout
TX-000044,money_mule-0011,money_mule,2026-10-01 02:12:00+06:00,W039,W021,15000,transfer,completed,agent,14,12,1,1,37,0,0,1,other
TX-000045,money_mule-0011,money_mule,2026-10-01 02:15:00+06:00,W006,W019,8000,transfer,completed,app,8,8,1,1,49,0,0,1,forward
TX-000046,normal-0011,normal,2026-10-01 02:18:00+06:00,W031,W040,250,transfer,completed,app,2,2,0,0,1358,0,0,0,other
TX-000047,normal-0011,normal,2026-10-01 02:21:00+06:00,W010,CASHOUT,250,cashout,completed,ussd,2,1,0,0,540,0,0,0,cashout
TX-000048,scam_transaction-0012,scam_transaction,2026-10-01 02:24:00+06:00,W030,W009,30000,transfer,completed,ussd,6,4,1,0,143,0,0,1,cashout
TX-000049,legitimate_merchant-0012,legitimate_merchant,2026-10-01 02:27:00+06:00,W031,W029,3000,transfer,completed,app,8,19,0,0,1317,0,1,0,other
TX-000050,normal-0012,normal,2026-10-01 02:30:00+06:00,W019,W016,800,transfer,completed,app,2,2,0,0,1286,0,0,0,cashout
TX-000051,money_mule-0012,money_mule,2026-10-01 02:33:00+06:00,W014,CASHOUT,15000,cashout,completed,agent,13,10,1,1,79,0,0,1,forward
TX-000052,normal-0013,normal,2026-10-01 02:36:00+06:00,W038,W002,2500,transfer,completed,ussd,2,2,0,0,192,0,0,0,other
TX-000053,legitimate_merchant-0013,legitimate_merchant,2026-10-01 02:39:00+06:00,W027,W035,12000,transfer,completed,app,8,13,0,0,309,0,1,0,other
TX-000054,scam_transaction-0013,scam_transaction,2026-10-01 02:42:00+06:00,W011,CASHOUT,10000,cashout,completed,app,6,2,1,0,181,0,0,1,cashout
TX-000055,scam_transaction-0013,scam_transaction,2026-10-01 02:45:00+06:00,W012,CASHOUT,15000,cashout,completed,ussd,5,4,1,1,113,1,0,1,other
TX-000056,normal-0014,normal,2026-10-01 02:48:00+06:00,W006,W031,250,transfer,completed,ussd,3,3,0,0,286,0,0,0,forward
TX-000057,legitimate_unusual-0014,legitimate_unusual,2026-10-01 02:51:00+06:00,W003,W002,4000,transfer,completed,agent,3,1,1,0,668,1,0,0,other
TX-000058,normal-0014,normal,2026-10-01 02:54:00+06:00,W017,W024,500,transfer,completed,app,3,3,0,0,414,0,0,0,forward
TX-000059,normal-0014,normal,2026-10-01 02:57:00+06:00,W020,W037,1200,transfer,completed,app,2,3,0,0,586,0,0,0,other
TX-000060,normal-0015,normal,2026-10-01 03:00:00+06:00,W020,W039,250,transfer,completed,ussd,3,1,0,0,891,0,0,0,forward
TX-000061,account_takeover-0015,account_takeover,2026-10-01 03:03:00+06:00,W001,W027,50000,transfer,completed,app,6,2,1,1,26,1,0,1,cashout
TX-000062,money_mule-0015,money_mule,2026-10-01 03:06:00+06:00,W018,W040,15000,transfer,completed,agent,14,11,1,1,44,0,0,1,cashout
TX-000063,normal-0015,normal,2026-10-01 03:09:00+06:00,W029,CASHOUT,1200,cashout,completed,ussd,3,3,0,0,956,0,0,0,other
TX-000064,normal-0016,normal,2026-10-01 03:12:00+06:00,W014,W023,800,transfer,completed,ussd,2,2,0,0,1400,0,0,0,other
TX-000065,normal-0016,normal,2026-10-01 03:15:00+06:00,W016,W027,1200,transfer,completed,ussd,3,1,0,0,1155,0,0,0,forward
TX-000066,normal-0016,normal,2026-10-01 03:18:00+06:00,W026,W016,800,transfer,completed,ussd,3,3,0,0,935,0,0,0,other
TX-000067,legitimate_unusual-0016,legitimate_unusual,2026-10-01 03:21:00+06:00,W036,CASHOUT,8000,cashout,completed,agent,5,3,1,0,652,1,0,0,forward
TX-000068,normal-0017,normal,2026-10-01 03:24:00+06:00,W012,W013,500,transfer,completed,ussd,3,2,0,0,746,0,0,0,other
TX-000069,normal-0017,normal,2026-10-01 03:27:00+06:00,W024,W012,800,transfer,completed,app,1,3,0,0,1273,0,0,0,other
TX-000070,account_takeover-0017,account_takeover,2026-10-01 03:30:00+06:00,W009,W032,8000,transfer,completed,app,12,1,1,1,39,1,0,1,cashout
TX-000071,normal-0017,normal,2026-10-01 03:33:00+06:00,W004,CASHOUT,1200,cashout,completed,ussd,1,1,0,0,1000,0,0,0,other
TX-000072,normal-0018,normal,2026-10-01 03:36:00+06:00,W010,W037,800,transfer,completed,ussd,1,1,0,0,422,0,0,0,other
TX-000073,normal-0018,normal,2026-10-01 03:39:00+06:00,W034,W025,1200,transfer,completed,ussd,2,2,0,0,1385,0,0,0,other
TX-000074,account_takeover-0018,account_takeover,2026-10-01 03:42:00+06:00,W007,CASHOUT,15000,cashout,completed,ussd,8,3,1,1,8,1,0,1,cashout
TX-000075,normal-0018,normal,2026-10-01 03:45:00+06:00,W027,W029,2500,transfer,completed,app,2,2,0,0,246,0,0,0,cashout
TX-000076,scam_transaction-0019,scam_transaction,2026-10-01 03:48:00+06:00,W005,W015,15000,transfer,completed,app,6,3,1,1,169,1,0,1,cashout
TX-000077,normal-0019,normal,2026-10-01 03:51:00+06:00,W011,W020,2500,transfer,completed,ussd,3,3,0,0,771,0,0,0,other
TX-000078,money_mule-0019,money_mule,2026-10-01 03:54:00+06:00,W018,W033,15000,transfer,completed,agent,14,6,1,1,15,0,0,1,cashout
TX-000079,normal-0019,normal,2026-10-01 03:57:00+06:00,W015,W037,2500,transfer,completed,app,1,3,0,0,731,0,0,0,forward
TX-000080,normal-0020,normal,2026-10-01 04:00:00+06:00,W029,W018,500,transfer,completed,app,3,2,0,0,1187,0,0,0,other
TX-000081,normal-0020,normal,2026-10-01 04:03:00+06:00,W007,W011,800,transfer,completed,ussd,2,3,0,0,1194,0,0,0,other
TX-000082,money_mule-0020,money_mule,2026-10-01 04:06:00+06:00,W003,W030,2500,transfer,completed,app,12,9,1,1,51,0,0,1,forward
TX-000083,normal-0020,normal,2026-10-01 04:09:00+06:00,W001,W035,1200,transfer,completed,ussd,2,1,0,0,564,0,0,0,other
TX-000084,normal-0021,normal,2026-10-01 04:12:00+06:00,W004,W014,800,transfer,completed,ussd,3,1,0,0,769,0,0,0,other
TX-000085,normal-0021,normal,2026-10-01 04:15:00+06:00,W039,CASHOUT,500,cashout,completed,ussd,2,3,0,0,208,0,0,0,other
TX-000086,legitimate_merchant-0021,legitimate_merchant,2026-10-01 04:18:00+06:00,W030,W008,1500,transfer,completed,app,12,20,0,0,809,0,1,0,other
TX-000087,normal-0021,normal,2026-10-01 04:21:00+06:00,W030,W036,500,transfer,completed,app,2,1,0,0,1220,0,0,0,cashout
TX-000088,scam_transaction-0022,scam_transaction,2026-10-01 04:24:00+06:00,W027,W022,15000,transfer,completed,ussd,2,4,1,0,180,0,0,1,cashout
TX-000089,normal-0022,normal,2026-10-01 04:27:00+06:00,W022,W036,2500,transfer,completed,app,2,2,0,0,839,0,0,0,cashout
TX-000090,normal-0022,normal,2026-10-01 04:30:00+06:00,W027,W003,800,transfer,completed,ussd,3,2,0,0,960,0,0,0,other
TX-000091,account_takeover-0022,account_takeover,2026-10-01 04:33:00+06:00,W010,W032,8000,transfer,completed,app,7,3,1,1,40,1,0,1,other
TX-000092,normal-0023,normal,2026-10-01 04:36:00+06:00,W034,CASHOUT,250,cashout,completed,app,3,1,0,0,1019,0,0,0,other
TX-000093,normal-0023,normal,2026-10-01 04:39:00+06:00,W040,W026,250,transfer,completed,ussd,2,3,0,0,1272,0,0,0,other
TX-000094,scam_transaction-0023,scam_transaction,2026-10-01 04:42:00+06:00,W032,W035,5000,transfer,completed,app,6,2,1,1,205,0,0,1,cashout
TX-000095,normal-0023,normal,2026-10-01 04:45:00+06:00,W007,W029,500,transfer,completed,app,3,2,0,0,239,0,0,0,forward
TX-000096,normal-0024,normal,2026-10-01 04:48:00+06:00,W028,W010,500,transfer,completed,app,3,2,0,0,1339,0,0,0,forward
TX-000097,scam_transaction-0024,scam_transaction,2026-10-01 04:51:00+06:00,W040,W016,30000,transfer,completed,ussd,6,3,1,1,193,1,0,1,other
TX-000098,normal-0024,normal,2026-10-01 04:54:00+06:00,W019,W035,500,transfer,completed,ussd,1,2,0,0,887,0,0,0,other
TX-000099,normal-0024,normal,2026-10-01 04:57:00+06:00,W020,W013,1200,transfer,completed,ussd,2,1,0,0,665,0,0,0,other
TX-000100,legitimate_unusual-0025,legitimate_unusual,2026-10-01 05:00:00+06:00,W019,W002,15000,transfer,completed,agent,5,3,1,1,280,0,0,0,other
TX-000101,legitimate_merchant-0025,legitimate_merchant,2026-10-01 05:03:00+06:00,W015,W039,3000,transfer,completed,app,8,16,0,0,1797,0,1,0,other
TX-000102,scam_transaction-0025,scam_transaction,2026-10-01 05:06:00+06:00,W007,CASHOUT,15000,cashout,completed,ussd,5,2,1,1,217,1,0,1,cashout
TX-000103,normal-0025,normal,2026-10-01 05:09:00+06:00,W035,W024,2500,transfer,completed,ussd,3,2,0,0,516,0,0,0,other
TX-000104,legitimate_unusual-0026,legitimate_unusual,2026-10-01 05:12:00+06:00,W019,W022,4000,transfer,completed,agent,5,1,1,1,642,0,0,0,other
TX-000105,legitimate_unusual-0026,legitimate_unusual,2026-10-01 05:15:00+06:00,W036,W024,4000,transfer,completed,agent,5,1,1,1,433,0,0,0,other
TX-000106,account_takeover-0026,account_takeover,2026-10-01 05:18:00+06:00,W024,W007,15000,transfer,completed,app,9,1,1,1,42,1,0,1,forward
TX-000107,normal-0026,normal,2026-10-01 05:21:00+06:00,W030,W020,1200,transfer,completed,app,1,1,0,0,272,0,0,0,other
TX-000108,normal-0027,normal,2026-10-01 05:24:00+06:00,W035,W009,1200,transfer,completed,ussd,2,2,0,0,1286,0,0,0,other
TX-000109,scam_transaction-0027,scam_transaction,2026-10-01 05:27:00+06:00,W007,W032,30000,transfer,completed,app,4,2,1,0,85,0,0,1,forward
TX-000110,money_mule-0027,money_mule,2026-10-01 05:30:00+06:00,W035,W023,2500,transfer,completed,app,13,9,1,1,34,0,0,1,cashout
TX-000111,normal-0027,normal,2026-10-01 05:33:00+06:00,W014,W039,250,transfer,completed,app,1,2,0,0,678,0,0,0,cashout
TX-000112,scam_transaction-0028,scam_transaction,2026-10-01 05:36:00+06:00,W036,CASHOUT,10000,cashout,completed,app,3,4,1,0,231,0,0,1,other
TX-000113,legitimate_unusual-0028,legitimate_unusual,2026-10-01 05:39:00+06:00,W035,CASHOUT,4000,cashout,completed,agent,2,1,1,1,913,0,0,0,cashout
TX-000114,normal-0028,normal,2026-10-01 05:42:00+06:00,W004,W009,1200,transfer,completed,ussd,3,1,0,0,310,0,0,0,other
TX-000115,account_takeover-0028,account_takeover,2026-10-01 05:45:00+06:00,W029,W033,15000,transfer,completed,app,10,1,1,1,45,1,0,1,other
TX-000116,normal-0029,normal,2026-10-01 05:48:00+06:00,W031,CASHOUT,1200,cashout,completed,ussd,3,1,0,0,1184,0,0,0,forward
TX-000117,account_takeover-0029,account_takeover,2026-10-01 05:51:00+06:00,W005,W009,20000,transfer,completed,app,10,3,1,1,40,1,0,1,cashout
TX-000118,normal-0029,normal,2026-10-01 05:54:00+06:00,W033,W039,1200,transfer,completed,app,1,3,0,0,414,0,0,0,other
TX-000119,normal-0029,normal,2026-10-01 05:57:00+06:00,W030,W026,1200,transfer,completed,ussd,3,1,0,0,820,0,0,0,cashout
TX-000120,legitimate_unusual-0030,legitimate_unusual,2026-10-01 06:00:00+06:00,W031,W005,4000,transfer,completed,agent,2,1,1,0,943,0,0,0,other
TX-000121,account_takeover-0030,account_takeover,2026-10-01 06:03:00+06:00,W022,W008,50000,transfer,completed,ussd,8,3,1,1,30,1,0,1,cashout
TX-000122,normal-0030,normal,2026-10-01 06:06:00+06:00,W037,W033,500,transfer,completed,app,1,3,0,0,1167,0,0,0,other
TX-000123,account_takeover-0030,account_takeover,2026-10-01 06:09:00+06:00,W008,W018,15000,transfer,completed,ussd,12,2,1,1,38,1,0,1,cashout
TX-000124,money_mule-0031,money_mule,2026-10-01 06:12:00+06:00,W002,CASHOUT,8000,cashout,completed,app,11,10,1,1,54,0,0,1,forward
TX-000125,account_takeover-0031,account_takeover,2026-10-01 06:15:00+06:00,W005,W010,8000,transfer,completed,ussd,6,3,1,1,36,1,0,1,cashout
TX-000126,normal-0031,normal,2026-10-01 06:18:00+06:00,W020,W021,2500,transfer,completed,app,3,1,0,0,287,0,0,0,other
TX-000127,money_mule-0031,money_mule,2026-10-01 06:21:00+06:00,W018,CASHOUT,15000,cashout,completed,agent,14,12,1,1,63,0,0,1,cashout
TX-000128,normal-0032,normal,2026-10-01 06:24:00+06:00,W008,W019,2500,transfer,completed,app,2,3,0,0,811,0,0,0,other
TX-000129,normal-0032,normal,2026-10-01 06:27:00+06:00,W014,CASHOUT,500,cashout,completed,ussd,1,2,0,0,772,0,0,0,other
TX-000130,normal-0032,normal,2026-10-01 06:30:00+06:00,W009,CASHOUT,2500,cashout,completed,ussd,3,1,0,0,1204,0,0,0,other
TX-000131,normal-0032,normal,2026-10-01 06:33:00+06:00,W002,W030,250,transfer,completed,ussd,2,3,0,0,1059,0,0,0,other
TX-000132,normal-0033,normal,2026-10-01 06:36:00+06:00,W002,W021,500,transfer,completed,app,3,2,0,0,921,0,0,0,forward
TX-000133,normal-0033,normal,2026-10-01 06:39:00+06:00,W026,W034,250,transfer,completed,app,2,2,0,0,875,0,0,0,forward
TX-000134,normal-0033,normal,2026-10-01 06:42:00+06:00,W008,W034,2500,transfer,completed,app,1,2,0,0,899,0,0,0,forward
TX-000135,normal-0033,normal,2026-10-01 06:45:00+06:00,W039,W010,250,transfer,completed,ussd,1,3,0,0,1191,0,0,0,other
TX-000136,normal-0034,normal,2026-10-01 06:48:00+06:00,W037,CASHOUT,800,cashout,completed,ussd,3,2,0,0,489,0,0,0,other
TX-000137,normal-0034,normal,2026-10-01 06:51:00+06:00,W018,W038,250,transfer,completed,ussd,2,3,0,0,331,0,0,0,forward
TX-000138,normal-0034,normal,2026-10-01 06:54:00+06:00,W019,W005,250,transfer,completed,ussd,3,3,0,0,1218,0,0,0,other
TX-000139,scam_transaction-0034,scam_transaction,2026-10-01 06:57:00+06:00,W003,W029,10000,transfer,completed,ussd,4,5,1,1,45,0,0,1,forward
TX-000140,account_takeover-0035,account_takeover,2026-10-01 07:00:00+06:00,W003,W016,50000,transfer,completed,ussd,9,3,1,1,36,1,0,1,other
TX-000141,normal-0035,normal,2026-10-01 07:03:00+06:00,W022,W039,250,transfer,completed,app,3,3,0,0,865,0,0,0,other
TX-000142,normal-0035,normal,2026-10-01 07:06:00+06:00,W017,W039,500,transfer,completed,app,2,1,0,0,1373,0,0,0,other
TX-000143,account_takeover-0035,account_takeover,2026-10-01 07:09:00+06:00,W026,W009,8000,transfer,completed,app,8,3,1,1,27,1,0,1,cashout
TX-000144,scam_transaction-0036,scam_transaction,2026-10-01 07:12:00+06:00,W034,CASHOUT,30000,cashout,completed,app,6,4,1,1,109,1,0,1,cashout
TX-000145,normal-0036,normal,2026-10-01 07:15:00+06:00,W009,W010,250,transfer,completed,app,2,1,0,0,1219,0,0,0,other
TX-000146,account_takeover-0036,account_takeover,2026-10-01 07:18:00+06:00,W039,W025,15000,transfer,completed,ussd,7,1,1,1,42,1,0,1,forward
TX-000147,normal-0036,normal,2026-10-01 07:21:00+06:00,W016,W029,2500,transfer,completed,app,2,3,0,0,1099,0,0,0,other
TX-000148,scam_transaction-0037,scam_transaction,2026-10-01 07:24:00+06:00,W031,W013,15000,transfer,completed,ussd,6,5,1,1,102,0,0,1,cashout
TX-000149,scam_transaction-0037,scam_transaction,2026-10-01 07:27:00+06:00,W009,CASHOUT,5000,cashout,completed,app,5,4,1,1,56,0,0,1,cashout
TX-000150,normal-0037,normal,2026-10-01 07:30:00+06:00,W033,W010,1200,transfer,completed,ussd,1,1,0,0,1103,0,0,0,other
TX-000151,normal-0037,normal,2026-10-01 07:33:00+06:00,W024,W016,1200,transfer,completed,app,1,2,0,0,639,0,0,0,forward
TX-000152,money_mule-0038,money_mule,2026-10-01 07:36:00+06:00,W022,W010,5000,transfer,completed,app,7,9,1,1,70,0,0,1,cashout
TX-000153,account_takeover-0038,account_takeover,2026-10-01 07:39:00+06:00,W006,CASHOUT,20000,cashout,completed,app,7,1,1,1,38,1,0,1,cashout
TX-000154,normal-0038,normal,2026-10-01 07:42:00+06:00,W004,CASHOUT,1200,cashout,completed,app,3,3,0,0,1116,0,0,0,other
TX-000155,account_takeover-0038,account_takeover,2026-10-01 07:45:00+06:00,W002,CASHOUT,15000,cashout,completed,app,11,1,1,1,21,1,0,1,cashout
TX-000156,account_takeover-0039,account_takeover,2026-10-01 07:48:00+06:00,W012,W006,20000,transfer,completed,ussd,6,3,1,1,37,1,0,1,cashout
TX-000157,account_takeover-0039,account_takeover,2026-10-01 07:51:00+06:00,W024,W017,8000,transfer,completed,ussd,8,1,1,1,25,1,0,1,cashout
TX-000158,money_mule-0039,money_mule,2026-10-01 07:54:00+06:00,W022,W009,2500,transfer,completed,agent,12,10,1,1,32,0,0,1,cashout
TX-000159,normal-0039,normal,2026-10-01 07:57:00+06:00,W009,W005,1200,transfer,completed,app,1,2,0,0,592,0,0,0,other
TX-000160,normal-0040,normal,2026-10-01 08:00:00+06:00,W020,W033,1200,transfer,completed,app,3,2,0,0,698,0,0,0,cashout
TX-000161,normal-0040,normal,2026-10-01 08:03:00+06:00,W004,W022,800,transfer,completed,ussd,1,2,0,0,1074,0,0,0,other
TX-000162,normal-0040,normal,2026-10-01 08:06:00+06:00,W012,W032,1200,transfer,completed,app,2,3,0,0,726,0,0,0,forward
TX-000163,account_takeover-0040,account_takeover,2026-10-01 08:09:00+06:00,W012,W035,20000,transfer,completed,app,8,1,1,1,8,1,0,1,cashout
TX-000164,account_takeover-0041,account_takeover,2026-10-01 08:12:00+06:00,W028,W011,50000,transfer,completed,app,8,2,1,1,5,1,0,1,cashout
TX-000165,account_takeover-0041,account_takeover,2026-10-01 08:15:00+06:00,W004,CASHOUT,50000,cashout,completed,ussd,8,3,1,1,13,1,0,1,cashout
TX-000166,money_mule-0041,money_mule,2026-10-01 08:18:00+06:00,W003,W009,2500,transfer,completed,agent,10,10,1,1,56,0,0,1,forward
TX-000167,normal-0041,normal,2026-10-01 08:21:00+06:00,W029,W024,800,transfer,completed,app,2,1,0,0,1355,0,0,0,other
TX-000168,account_takeover-0042,account_takeover,2026-10-01 08:24:00+06:00,W016,W008,8000,transfer,completed,app,11,1,1,1,34,1,0,1,forward
TX-000169,money_mule-0042,money_mule,2026-10-01 08:27:00+06:00,W029,W014,8000,transfer,completed,app,14,8,1,1,25,0,0,1,cashout
TX-000170,legitimate_merchant-0042,legitimate_merchant,2026-10-01 08:30:00+06:00,W029,W006,3000,transfer,completed,app,10,17,1,0,864,0,1,0,other
TX-000171,legitimate_merchant-0042,legitimate_merchant,2026-10-01 08:33:00+06:00,W012,W024,12000,transfer,completed,app,8,7,0,0,734,0,1,0,forward
TX-000172,account_takeover-0043,account_takeover,2026-10-01 08:36:00+06:00,W024,W030,15000,transfer,completed,app,10,1,1,1,7,1,0,1,cashout
TX-000173,normal-0043,normal,2026-10-01 08:39:00+06:00,W027,W037,250,transfer,completed,ussd,1,2,0,0,331,0,0,0,other
TX-000174,normal-0043,normal,2026-10-01 08:42:00+06:00,W036,W038,500,transfer,completed,app,1,2,0,0,1209,0,0,0,other
TX-000175,normal-0043,normal,2026-10-01 08:45:00+06:00,W011,W021,500,transfer,completed,app,2,3,0,0,761,0,0,0,other
TX-000176,account_takeover-0044,account_takeover,2026-10-01 08:48:00+06:00,W009,CASHOUT,8000,cashout,completed,ussd,10,3,1,1,13,1,0,1,cashout
TX-000177,legitimate_merchant-0044,legitimate_merchant,2026-10-01 08:51:00+06:00,W022,W037,800,transfer,completed,app,5,7,1,0,1431,0,1,0,other
TX-000178,account_takeover-0044,account_takeover,2026-10-01 08:54:00+06:00,W040,W002,50000,transfer,completed,app,11,3,1,1,21,1,0,1,cashout
TX-000179,money_mule-0044,money_mule,2026-10-01 08:57:00+06:00,W020,CASHOUT,2500,cashout,completed,agent,7,7,1,1,66,0,0,1,forward
TX-000180,account_takeover-0045,account_takeover,2026-10-01 09:00:00+06:00,W021,W023,50000,transfer,completed,ussd,7,2,1,1,35,1,0,1,cashout
TX-000181,normal-0045,normal,2026-10-01 09:03:00+06:00,W016,W010,250,transfer,completed,ussd,1,2,0,0,966,0,0,0,other
TX-000182,normal-0045,normal,2026-10-01 09:06:00+06:00,W021,W037,800,transfer,completed,ussd,1,1,0,0,1200,0,0,0,other
TX-000183,normal-0045,normal,2026-10-01 09:09:00+06:00,W026,CASHOUT,1200,cashout,completed,ussd,1,1,0,0,1374,0,0,0,cashout
TX-000184,account_takeover-0046,account_takeover,2026-10-01 09:12:00+06:00,W031,W019,8000,transfer,completed,ussd,12,1,1,1,30,1,0,1,cashout
TX-000185,money_mule-0046,money_mule,2026-10-01 09:15:00+06:00,W024,CASHOUT,15000,cashout,completed,agent,7,8,1,1,56,0,0,1,cashout
TX-000186,money_mule-0046,money_mule,2026-10-01 09:18:00+06:00,W018,W040,2500,transfer,completed,agent,9,6,1,1,60,0,0,1,forward
TX-000187,legitimate_merchant-0046,legitimate_merchant,2026-10-01 09:21:00+06:00,W010,W013,12000,transfer,completed,app,11,14,1,1,1711,0,1,0,other
TX-000188,normal-0047,normal,2026-10-01 09:24:00+06:00,W039,W033,500,transfer,completed,app,2,3,0,0,832,0,0,0,other
TX-000189,scam_transaction-0047,scam_transaction,2026-10-01 09:27:00+06:00,W038,W022,30000,transfer,completed,app,6,4,1,1,34,0,0,1,cashout
TX-000190,scam_transaction-0047,scam_transaction,2026-10-01 09:30:00+06:00,W002,CASHOUT,30000,cashout,completed,ussd,4,3,1,0,179,0,0,1,cashout
TX-000191,normal-0047,normal,2026-10-01 09:33:00+06:00,W008,W013,250,transfer,completed,app,2,2,0,0,1037,0,0,0,cashout
TX-000192,normal-0048,normal,2026-10-01 09:36:00+06:00,W040,W031,250,transfer,completed,app,3,1,0,0,1242,0,0,0,other
TX-000193,normal-0048,normal,2026-10-01 09:39:00+06:00,W025,W021,500,transfer,completed,ussd,2,3,0,0,881,0,0,0,other
TX-000194,money_mule-0048,money_mule,2026-10-01 09:42:00+06:00,W017,CASHOUT,15000,cashout,completed,agent,10,8,1,1,45,0,0,1,other
TX-000195,normal-0048,normal,2026-10-01 09:45:00+06:00,W019,W014,1200,transfer,completed,ussd,2,2,0,0,894,0,0,0,other
TX-000196,normal-0049,normal,2026-10-01 09:48:00+06:00,W026,W023,500,transfer,completed,app,2,1,0,0,769,0,0,0,other
TX-000197,normal-0049,normal,2026-10-01 09:51:00+06:00,W031,W014,500,transfer,completed,ussd,3,2,0,0,1331,0,0,0,other
TX-000198,account_takeover-0049,account_takeover,2026-10-01 09:54:00+06:00,W016,W004,15000,transfer,completed,ussd,11,1,1,1,6,1,0,1,cashout
TX-000199,normal-0049,normal,2026-10-01 09:57:00+06:00,W009,W001,2500,transfer,completed,ussd,1,2,0,0,1154,0,0,0,other
TX-000200,normal-0050,normal,2026-10-01 10:00:00+06:00,W019,W004,250,transfer,completed,app,3,3,0,0,655,0,0,0,forward
TX-000201,scam_transaction-0050,scam_transaction,2026-10-01 10:03:00+06:00,W012,CASHOUT,30000,cashout,completed,app,5,3,1,0,104,0,0,1,cashout
TX-000202,legitimate_merchant-0050,legitimate_merchant,2026-10-01 10:06:00+06:00,W022,W019,7000,transfer,completed,app,12,20,0,0,1208,0,1,0,other
TX-000203,normal-0050,normal,2026-10-01 10:09:00+06:00,W030,W017,500,transfer,completed,ussd,1,3,0,0,870,0,0,0,other
TX-000204,normal-0051,normal,2026-10-01 10:12:00+06:00,W026,W028,2500,transfer,completed,app,2,1,0,0,1000,0,0,0,forward
TX-000205,normal-0051,normal,2026-10-01 10:15:00+06:00,W016,W001,800,transfer,completed,ussd,2,1,0,0,1094,0,0,0,other
TX-000206,money_mule-0051,money_mule,2026-10-01 10:18:00+06:00,W001,CASHOUT,8000,cashout,completed,agent,10,5,1,1,25,0,0,1,forward
TX-000207,normal-0051,normal,2026-10-01 10:21:00+06:00,W020,W008,800,transfer,completed,app,2,3,0,0,632,0,0,0,other
TX-000208,normal-0052,normal,2026-10-01 10:24:00+06:00,W039,W024,1200,transfer,completed,app,3,3,0,0,1144,0,0,0,other
TX-000209,account_takeover-0052,account_takeover,2026-10-01 10:27:00+06:00,W006,W034,50000,transfer,completed,ussd,10,3,1,1,26,1,0,1,forward
TX-000210,scam_transaction-0052,scam_transaction,2026-10-01 10:30:00+06:00,W033,W013,10000,transfer,completed,app,3,4,1,0,143,1,0,1,cashout
TX-000211,legitimate_merchant-0052,legitimate_merchant,2026-10-01 10:33:00+06:00,W029,W004,7000,transfer,completed,app,7,14,0,0,1394,0,1,0,other
TX-000212,money_mule-0053,money_mule,2026-10-01 10:36:00+06:00,W026,CASHOUT,2500,cashout,completed,agent,10,6,1,1,15,0,0,1,forward
TX-000213,legitimate_unusual-0053,legitimate_unusual,2026-10-01 10:39:00+06:00,W005,W031,4000,transfer,completed,agent,4,4,1,1,457,0,0,0,other
TX-000214,normal-0053,normal,2026-10-01 10:42:00+06:00,W025,W029,1200,transfer,completed,app,2,1,0,0,1284,0,0,0,other
TX-000215,normal-0053,normal,2026-10-01 10:45:00+06:00,W035,W026,2500,transfer,completed,app,1,3,0,0,636,0,0,0,other
TX-000216,normal-0054,normal,2026-10-01 10:48:00+06:00,W035,W028,2500,transfer,completed,ussd,2,1,0,0,686,0,0,0,cashout
TX-000217,legitimate_merchant-0054,legitimate_merchant,2026-10-01 10:51:00+06:00,W008,W003,7000,transfer,completed,app,5,9,0,1,318,0,1,0,other
TX-000218,scam_transaction-0054,scam_transaction,2026-10-01 10:54:00+06:00,W016,CASHOUT,30000,cashout,completed,app,5,3,1,1,223,0,0,1,other
TX-000219,normal-0054,normal,2026-10-01 10:57:00+06:00,W037,W021,2500,transfer,completed,app,3,3,0,0,836,0,0,0,forward
TX-000220,account_takeover-0055,account_takeover,2026-10-01 11:00:00+06:00,W015,W027,20000,transfer,completed,ussd,8,1,1,1,38,1,0,1,cashout
TX-000221,normal-0055,normal,2026-10-01 11:03:00+06:00,W023,W025,2500,transfer,completed,ussd,2,3,0,0,1032,0,0,0,other
TX-000222,money_mule-0055,money_mule,2026-10-01 11:06:00+06:00,W031,CASHOUT,5000,cashout,completed,app,11,7,1,1,69,0,0,1,other
TX-000223,account_takeover-0055,account_takeover,2026-10-01 11:09:00+06:00,W009,W025,15000,transfer,completed,ussd,8,1,1,1,24,1,0,1,cashout
TX-000224,normal-0056,normal,2026-10-01 11:12:00+06:00,W013,W004,800,transfer,completed,app,2,3,0,0,260,0,0,0,other
TX-000225,money_mule-0056,money_mule,2026-10-01 11:15:00+06:00,W036,CASHOUT,15000,cashout,completed,app,10,10,1,1,48,0,0,1,forward
TX-000226,money_mule-0056,money_mule,2026-10-01 11:18:00+06:00,W031,W016,5000,transfer,completed,agent,13,8,1,1,80,0,0,1,forward
TX-000227,normal-0056,normal,2026-10-01 11:21:00+06:00,W023,CASHOUT,800,cashout,completed,ussd,2,3,0,0,1198,0,0,0,other
TX-000228,normal-0057,normal,2026-10-01 11:24:00+06:00,W021,W014,800,transfer,completed,app,2,2,0,0,273,0,0,0,forward
TX-000229,account_takeover-0057,account_takeover,2026-10-01 11:27:00+06:00,W038,W027,20000,transfer,completed,ussd,7,1,1,1,24,1,0,1,cashout
TX-000230,normal-0057,normal,2026-10-01 11:30:00+06:00,W022,W017,1200,transfer,completed,ussd,3,3,0,0,1184,0,0,0,other
TX-000231,normal-0057,normal,2026-10-01 11:33:00+06:00,W035,W032,500,transfer,completed,app,3,3,0,0,300,0,0,0,forward
TX-000232,scam_transaction-0058,scam_transaction,2026-10-01 11:36:00+06:00,W004,CASHOUT,30000,cashout,completed,ussd,3,3,1,1,68,1,0,1,cashout
TX-000233,account_takeover-0058,account_takeover,2026-10-01 11:39:00+06:00,W040,CASHOUT,50000,cashout,completed,app,6,1,1,1,37,1,0,1,cashout
TX-000234,normal-0058,normal,2026-10-01 11:42:00+06:00,W019,CASHOUT,2500,cashout,completed,app,3,3,0,0,1061,0,0,0,forward
TX-000235,normal-0058,normal,2026-10-01 11:45:00+06:00,W013,CASHOUT,2500,cashout,completed,ussd,2,2,0,0,727,0,0,0,other
TX-000236,normal-0059,normal,2026-10-01 11:48:00+06:00,W016,W015,800,transfer,completed,app,3,1,0,0,244,0,0,0,other
TX-000237,normal-0059,normal,2026-10-01 11:51:00+06:00,W001,W011,250,transfer,completed,app,2,2,0,0,858,0,0,0,other
TX-000238,normal-0059,normal,2026-10-01 11:54:00+06:00,W037,W031,800,transfer,completed,app,1,1,0,0,754,0,0,0,other
TX-000239,normal-0059,normal,2026-10-01 11:57:00+06:00,W014,W038,500,transfer,completed,ussd,3,2,0,0,337,0,0,0,cashout
TX-000240,scam_transaction-0060,scam_transaction,2026-10-01 12:00:00+06:00,W025,CASHOUT,15000,cashout,completed,ussd,5,3,1,0,206,0,0,1,cashout
TX-000241,scam_transaction-0060,scam_transaction,2026-10-01 12:03:00+06:00,W022,CASHOUT,30000,cashout,completed,ussd,4,2,1,1,230,0,0,1,cashout
TX-000242,normal-0060,normal,2026-10-01 12:06:00+06:00,W012,W038,1200,transfer,completed,app,1,3,0,0,784,0,0,0,forward
TX-000243,normal-0060,normal,2026-10-01 12:09:00+06:00,W010,W025,800,transfer,completed,app,2,1,0,0,367,0,0,0,other
TX-000244,money_mule-0061,money_mule,2026-10-01 12:12:00+06:00,W007,CASHOUT,2500,cashout,completed,agent,9,11,1,1,67,0,0,1,forward
TX-000245,account_takeover-0061,account_takeover,2026-10-01 12:15:00+06:00,W039,W021,50000,transfer,completed,app,6,2,1,1,29,1,0,1,cashout
TX-000246,account_takeover-0061,account_takeover,2026-10-01 12:18:00+06:00,W016,CASHOUT,15000,cashout,completed,ussd,11,2,1,1,13,1,0,1,cashout
TX-000247,normal-0061,normal,2026-10-01 12:21:00+06:00,W011,W028,800,transfer,completed,app,2,2,0,0,1171,0,0,0,other
TX-000248,money_mule-0062,money_mule,2026-10-01 12:24:00+06:00,W032,CASHOUT,5000,cashout,completed,agent,14,6,1,1,27,0,0,1,forward
TX-000249,scam_transaction-0062,scam_transaction,2026-10-01 12:27:00+06:00,W025,CASHOUT,30000,cashout,completed,app,4,5,1,0,196,0,0,1,cashout
TX-000250,money_mule-0062,money_mule,2026-10-01 12:30:00+06:00,W031,W021,5000,transfer,completed,agent,13,10,1,1,47,0,0,1,cashout
TX-000251,normal-0062,normal,2026-10-01 12:33:00+06:00,W018,W026,800,transfer,completed,app,1,3,0,0,589,0,0,0,other
TX-000252,legitimate_unusual-0063,legitimate_unusual,2026-10-01 12:36:00+06:00,W030,CASHOUT,8000,cashout,completed,agent,4,1,1,0,1017,0,0,0,cashout
TX-000253,normal-0063,normal,2026-10-01 12:39:00+06:00,W010,W028,1200,transfer,completed,ussd,1,2,0,0,1161,0,0,0,other
TX-000254,scam_transaction-0063,scam_transaction,2026-10-01 12:42:00+06:00,W027,CASHOUT,5000,cashout,completed,ussd,4,2,1,1,93,0,0,1,cashout
TX-000255,account_takeover-0063,account_takeover,2026-10-01 12:45:00+06:00,W026,CASHOUT,50000,cashout,completed,app,6,1,1,1,9,1,0,1,cashout
TX-000256,account_takeover-0064,account_takeover,2026-10-01 12:48:00+06:00,W037,W015,50000,transfer,completed,ussd,8,2,1,1,32,1,0,1,forward
TX-000257,normal-0064,normal,2026-10-01 12:51:00+06:00,W027,W006,250,transfer,completed,ussd,3,1,0,0,893,0,0,0,other
TX-000258,normal-0064,normal,2026-10-01 12:54:00+06:00,W023,CASHOUT,250,cashout,completed,ussd,2,3,0,0,1106,0,0,0,forward
TX-000259,money_mule-0064,money_mule,2026-10-01 12:57:00+06:00,W002,CASHOUT,2500,cashout,completed,app,9,8,1,1,76,0,0,1,forward
TX-000260,normal-0065,normal,2026-10-01 13:00:00+06:00,W030,W015,1200,transfer,completed,ussd,3,1,0,0,561,0,0,0,other
TX-000261,scam_transaction-0065,scam_transaction,2026-10-01 13:03:00+06:00,W029,W038,30000,transfer,completed,app,5,2,1,0,82,1,0,1,cashout
TX-000262,normal-0065,normal,2026-10-01 13:06:00+06:00,W024,W021,500,transfer,completed,ussd,2,1,0,0,717,0,0,0,other
TX-000263,account_takeover-0065,account_takeover,2026-10-01 13:09:00+06:00,W040,W026,8000,transfer,completed,ussd,8,2,1,1,32,1,0,1,cashout
TX-000264,normal-0066,normal,2026-10-01 13:12:00+06:00,W040,W038,250,transfer,completed,app,3,1,0,0,821,0,0,0,forward
TX-000265,normal-0066,normal,2026-10-01 13:15:00+06:00,W010,W033,1200,transfer,completed,ussd,2,3,0,0,462,0,0,0,other
TX-000266,normal-0066,normal,2026-10-01 13:18:00+06:00,W012,W036,500,transfer,completed,app,2,2,0,0,467,0,0,0,other
TX-000267,normal-0066,normal,2026-10-01 13:21:00+06:00,W023,W001,1200,transfer,completed,ussd,1,1,0,0,966,0,0,0,other
TX-000268,money_mule-0067,money_mule,2026-10-01 13:24:00+06:00,W029,CASHOUT,5000,cashout,completed,agent,8,5,1,1,38,0,0,1,forward
TX-000269,normal-0067,normal,2026-10-01 13:27:00+06:00,W030,W037,1200,transfer,completed,app,3,3,0,0,411,0,0,0,other
TX-000270,legitimate_unusual-0067,legitimate_unusual,2026-10-01 13:30:00+06:00,W035,W003,15000,transfer,completed,agent,5,2,1,0,389,0,0,0,cashout
TX-000271,scam_transaction-0067,scam_transaction,2026-10-01 13:33:00+06:00,W003,CASHOUT,15000,cashout,completed,app,4,2,1,1,60,0,0,1,cashout
TX-000272,money_mule-0068,money_mule,2026-10-01 13:36:00+06:00,W040,CASHOUT,5000,cashout,completed,app,9,8,1,1,36,0,0,1,cashout
TX-000273,account_takeover-0068,account_takeover,2026-10-01 13:39:00+06:00,W011,CASHOUT,20000,cashout,completed,ussd,8,3,1,1,20,1,0,1,cashout
TX-000274,normal-0068,normal,2026-10-01 13:42:00+06:00,W004,W018,500,transfer,completed,app,3,1,0,0,691,0,0,0,other
TX-000275,money_mule-0068,money_mule,2026-10-01 13:45:00+06:00,W026,CASHOUT,5000,cashout,completed,agent,11,11,1,1,58,0,0,1,cashout
TX-000276,money_mule-0069,money_mule,2026-10-01 13:48:00+06:00,W026,CASHOUT,8000,cashout,completed,agent,12,12,1,1,72,0,0,1,cashout
TX-000277,scam_transaction-0069,scam_transaction,2026-10-01 13:51:00+06:00,W006,CASHOUT,15000,cashout,completed,ussd,2,5,1,1,139,0,0,1,cashout
TX-000278,normal-0069,normal,2026-10-01 13:54:00+06:00,W037,CASHOUT,2500,cashout,completed,app,2,2,0,0,279,0,0,0,other
TX-000279,normal-0069,normal,2026-10-01 13:57:00+06:00,W008,W011,1200,transfer,completed,app,2,1,0,0,1056,0,0,0,other
TX-000280,scam_transaction-0070,scam_transaction,2026-10-01 14:00:00+06:00,W020,CASHOUT,15000,cashout,completed,app,2,4,1,1,125,0,0,1,cashout
TX-000281,money_mule-0070,money_mule,2026-10-01 14:03:00+06:00,W015,CASHOUT,2500,cashout,completed,agent,8,5,1,1,37,0,0,1,cashout
TX-000282,normal-0070,normal,2026-10-01 14:06:00+06:00,W029,W001,250,transfer,completed,ussd,3,2,0,0,426,0,0,0,other
TX-000283,normal-0070,normal,2026-10-01 14:09:00+06:00,W006,W007,250,transfer,completed,app,2,2,0,0,792,0,0,0,other
TX-000284,scam_transaction-0071,scam_transaction,2026-10-01 14:12:00+06:00,W010,W005,5000,transfer,completed,app,6,3,1,1,214,1,0,1,cashout
TX-000285,normal-0071,normal,2026-10-01 14:15:00+06:00,W014,W006,250,transfer,completed,ussd,1,1,0,0,1387,0,0,0,other
TX-000286,scam_transaction-0071,scam_transaction,2026-10-01 14:18:00+06:00,W016,CASHOUT,5000,cashout,completed,ussd,3,4,1,0,206,1,0,1,cashout
TX-000287,normal-0071,normal,2026-10-01 14:21:00+06:00,W026,W019,250,transfer,completed,app,1,2,0,0,970,0,0,0,other
TX-000288,normal-0072,normal,2026-10-01 14:24:00+06:00,W001,W024,800,transfer,completed,ussd,1,2,0,0,1344,0,0,0,other
TX-000289,money_mule-0072,money_mule,2026-10-01 14:27:00+06:00,W005,W002,2500,transfer,completed,app,7,9,1,1,37,0,0,1,other
TX-000290,normal-0072,normal,2026-10-01 14:30:00+06:00,W019,W033,1200,transfer,completed,app,2,3,0,0,1003,0,0,0,other
TX-000291,normal-0072,normal,2026-10-01 14:33:00+06:00,W006,W020,250,transfer,completed,ussd,3,1,0,0,498,0,0,0,other
TX-000292,scam_transaction-0073,scam_transaction,2026-10-01 14:36:00+06:00,W005,CASHOUT,30000,cashout,completed,app,3,2,1,1,141,1,0,1,cashout
TX-000293,money_mule-0073,money_mule,2026-10-01 14:39:00+06:00,W008,CASHOUT,5000,cashout,completed,agent,7,7,1,1,73,0,0,1,cashout
TX-000294,money_mule-0073,money_mule,2026-10-01 14:42:00+06:00,W011,W024,5000,transfer,completed,agent,11,6,1,1,13,0,0,1,forward
TX-000295,normal-0073,normal,2026-10-01 14:45:00+06:00,W037,W005,1200,transfer,completed,app,2,3,0,0,917,0,0,0,other
TX-000296,normal-0074,normal,2026-10-01 14:48:00+06:00,W017,W007,2500,transfer,completed,app,3,3,0,0,416,0,0,0,forward
TX-000297,scam_transaction-0074,scam_transaction,2026-10-01 14:51:00+06:00,W001,W016,5000,transfer,completed,app,5,4,1,1,68,1,0,1,other
TX-000298,money_mule-0074,money_mule,2026-10-01 14:54:00+06:00,W027,W015,8000,transfer,completed,agent,10,11,1,1,50,0,0,1,cashout
TX-000299,normal-0074,normal,2026-10-01 14:57:00+06:00,W004,W012,500,transfer,completed,app,3,1,0,0,1001,0,0,0,other
TX-000300,money_mule-0075,money_mule,2026-10-01 15:00:00+06:00,W020,CASHOUT,2500,cashout,completed,agent,15,12,1,1,11,0,0,1,cashout
TX-000301,normal-0075,normal,2026-10-01 15:03:00+06:00,W040,W016,1200,transfer,completed,app,2,3,0,0,1190,0,0,0,other
TX-000302,scam_transaction-0075,scam_transaction,2026-10-01 15:06:00+06:00,W010,W001,30000,transfer,completed,app,2,3,1,1,192,0,0,1,forward
TX-000303,account_takeover-0075,account_takeover,2026-10-01 15:09:00+06:00,W020,W007,15000,transfer,completed,app,10,1,1,1,29,1,0,1,other
TX-000304,normal-0076,normal,2026-10-01 15:12:00+06:00,W018,W006,250,transfer,completed,ussd,1,3,0,0,1025,0,0,0,other
TX-000305,account_takeover-0076,account_takeover,2026-10-01 15:15:00+06:00,W033,W009,50000,transfer,completed,ussd,6,3,1,1,39,1,0,1,other
TX-000306,normal-0076,normal,2026-10-01 15:18:00+06:00,W017,W021,1200,transfer,completed,ussd,3,3,0,0,848,0,0,0,cashout
TX-000307,legitimate_merchant-0076,legitimate_merchant,2026-10-01 15:21:00+06:00,W009,W038,800,transfer,completed,app,7,7,0,0,1082,0,1,0,other
TX-000308,money_mule-0077,money_mule,2026-10-01 15:24:00+06:00,W029,W020,15000,transfer,completed,app,11,6,1,1,21,0,0,1,forward
TX-000309,money_mule-0077,money_mule,2026-10-01 15:27:00+06:00,W039,W003,5000,transfer,completed,app,12,7,1,1,21,0,0,1,forward
TX-000310,normal-0077,normal,2026-10-01 15:30:00+06:00,W020,CASHOUT,500,cashout,completed,app,1,2,0,0,1106,0,0,0,forward
TX-000311,scam_transaction-0077,scam_transaction,2026-10-01 15:33:00+06:00,W008,W001,5000,transfer,completed,app,3,3,1,1,132,0,0,1,cashout
TX-000312,scam_transaction-0078,scam_transaction,2026-10-01 15:36:00+06:00,W002,W005,10000,transfer,completed,app,5,3,1,1,237,1,0,1,forward
TX-000313,legitimate_merchant-0078,legitimate_merchant,2026-10-01 15:39:00+06:00,W028,W026,7000,transfer,completed,app,5,12,0,1,689,0,1,0,other
TX-000314,normal-0078,normal,2026-10-01 15:42:00+06:00,W010,W003,2500,transfer,completed,ussd,3,3,0,0,683,0,0,0,other
TX-000315,normal-0078,normal,2026-10-01 15:45:00+06:00,W006,W018,1200,transfer,completed,app,1,2,0,0,588,0,0,0,other
TX-000316,scam_transaction-0079,scam_transaction,2026-10-01 15:48:00+06:00,W025,CASHOUT,30000,cashout,completed,ussd,6,5,1,1,174,0,0,1,forward
TX-000317,account_takeover-0079,account_takeover,2026-10-01 15:51:00+06:00,W002,W018,8000,transfer,completed,app,12,2,1,1,36,1,0,1,other
TX-000318,legitimate_unusual-0079,legitimate_unusual,2026-10-01 15:54:00+06:00,W007,W016,15000,transfer,completed,agent,3,3,1,0,294,0,0,0,other
TX-000319,legitimate_unusual-0079,legitimate_unusual,2026-10-01 15:57:00+06:00,W025,CASHOUT,4000,cashout,completed,agent,3,2,1,0,914,0,0,0,other
TX-000320,legitimate_merchant-0080,legitimate_merchant,2026-10-01 16:00:00+06:00,W037,W010,12000,transfer,completed,app,8,19,0,0,1258,0,1,0,cashout
TX-000321,normal-0080,normal,2026-10-01 16:03:00+06:00,W004,CASHOUT,2500,cashout,completed,ussd,1,1,0,0,1258,0,0,0,other
TX-000322,normal-0080,normal,2026-10-01 16:06:00+06:00,W009,W022,500,transfer,completed,app,2,1,0,0,224,0,0,0,other
TX-000323,money_mule-0080,money_mule,2026-10-01 16:09:00+06:00,W034,CASHOUT,2500,cashout,completed,agent,12,11,1,1,22,0,0,1,forward
TX-000324,normal-0081,normal,2026-10-01 16:12:00+06:00,W028,W032,800,transfer,completed,ussd,1,3,0,0,1330,0,0,0,other
TX-000325,normal-0081,normal,2026-10-01 16:15:00+06:00,W020,W019,500,transfer,completed,ussd,1,3,0,0,183,0,0,0,other
TX-000326,account_takeover-0081,account_takeover,2026-10-01 16:18:00+06:00,W012,W039,20000,transfer,completed,ussd,12,3,1,1,17,1,0,1,forward
TX-000327,money_mule-0081,money_mule,2026-10-01 16:21:00+06:00,W016,CASHOUT,8000,cashout,completed,agent,9,6,1,1,52,0,0,1,forward
TX-000328,money_mule-0082,money_mule,2026-10-01 16:24:00+06:00,W023,W017,2500,transfer,completed,agent,7,5,1,1,59,0,0,1,other
TX-000329,scam_transaction-0082,scam_transaction,2026-10-01 16:27:00+06:00,W032,CASHOUT,15000,cashout,completed,app,6,5,1,1,152,0,0,1,forward
TX-000330,scam_transaction-0082,scam_transaction,2026-10-01 16:30:00+06:00,W019,W002,15000,transfer,completed,app,4,2,1,1,73,0,0,1,cashout
TX-000331,legitimate_merchant-0082,legitimate_merchant,2026-10-01 16:33:00+06:00,W006,W022,12000,transfer,completed,app,12,17,1,0,587,0,1,0,other
TX-000332,normal-0083,normal,2026-10-01 16:36:00+06:00,W022,W014,500,transfer,completed,ussd,2,3,0,0,1314,0,0,0,cashout
TX-000333,normal-0083,normal,2026-10-01 16:39:00+06:00,W026,CASHOUT,2500,cashout,completed,ussd,2,1,0,0,291,0,0,0,forward
TX-000334,scam_transaction-0083,scam_transaction,2026-10-01 16:42:00+06:00,W039,W031,10000,transfer,completed,app,2,2,1,1,193,1,0,1,forward
TX-000335,money_mule-0083,money_mule,2026-10-01 16:45:00+06:00,W031,W032,8000,transfer,completed,agent,8,11,1,1,33,0,0,1,forward
TX-000336,normal-0084,normal,2026-10-01 16:48:00+06:00,W017,W029,1200,transfer,completed,app,2,1,0,0,730,0,0,0,other
TX-000337,normal-0084,normal,2026-10-01 16:51:00+06:00,W023,W035,1200,transfer,completed,app,3,1,0,0,1313,0,0,0,other
TX-000338,normal-0084,normal,2026-10-01 16:54:00+06:00,W035,W031,2500,transfer,completed,app,1,2,0,0,792,0,0,0,other
TX-000339,normal-0084,normal,2026-10-01 16:57:00+06:00,W037,W034,2500,transfer,completed,app,3,3,0,0,481,0,0,0,other
TX-000340,legitimate_merchant-0085,legitimate_merchant,2026-10-01 17:00:00+06:00,W011,W014,1500,transfer,completed,app,7,6,0,0,1141,0,1,0,other
TX-000341,normal-0085,normal,2026-10-01 17:03:00+06:00,W039,W017,800,transfer,completed,ussd,3,1,0,0,358,0,0,0,other
TX-000342,scam_transaction-0085,scam_transaction,2026-10-01 17:06:00+06:00,W034,W030,5000,transfer,completed,app,6,5,1,1,68,1,0,1,cashout
TX-000343,normal-0085,normal,2026-10-01 17:09:00+06:00,W019,W035,800,transfer,completed,ussd,2,2,0,0,964,0,0,0,other
TX-000344,normal-0086,normal,2026-10-01 17:12:00+06:00,W026,W010,2500,transfer,completed,app,3,3,0,0,1002,0,0,0,other
TX-000345,money_mule-0086,money_mule,2026-10-01 17:15:00+06:00,W004,CASHOUT,8000,cashout,completed,agent,12,5,1,1,53,0,0,1,cashout
TX-000346,scam_transaction-0086,scam_transaction,2026-10-01 17:18:00+06:00,W007,W015,10000,transfer,completed,ussd,4,5,1,0,112,1,0,1,forward
TX-000347,normal-0086,normal,2026-10-01 17:21:00+06:00,W027,CASHOUT,2500,cashout,completed,app,2,1,0,0,1235,0,0,0,other
TX-000348,normal-0087,normal,2026-10-01 17:24:00+06:00,W034,W037,250,transfer,completed,app,1,1,0,0,591,0,0,0,other
TX-000349,legitimate_merchant-0087,legitimate_merchant,2026-10-01 17:27:00+06:00,W013,CASHOUT,3000,cashout,completed,app,12,14,0,0,1645,0,1,0,other
TX-000350,account_takeover-0087,account_takeover,2026-10-01 17:30:00+06:00,W012,CASHOUT,20000,cashout,completed,ussd,8,1,1,1,19,1,0,1,cashout
TX-000351,normal-0087,normal,2026-10-01 17:33:00+06:00,W037,W014,500,transfer,completed,ussd,3,1,0,0,603,0,0,0,other
TX-000352,scam_transaction-0088,scam_transaction,2026-10-01 17:36:00+06:00,W001,W031,10000,transfer,completed,ussd,3,2,1,1,185,0,0,1,cashout
TX-000353,normal-0088,normal,2026-10-01 17:39:00+06:00,W025,W023,1200,transfer,completed,ussd,2,1,0,0,1135,0,0,0,other
TX-000354,normal-0088,normal,2026-10-01 17:42:00+06:00,W007,W001,2500,transfer,completed,ussd,3,2,0,0,1329,0,0,0,forward
TX-000355,normal-0088,normal,2026-10-01 17:45:00+06:00,W018,W021,800,transfer,completed,app,2,3,0,0,791,0,0,0,other
TX-000356,legitimate_merchant-0089,legitimate_merchant,2026-10-01 17:48:00+06:00,W039,W026,3000,transfer,completed,app,7,17,1,0,855,0,1,0,other
TX-000357,normal-0089,normal,2026-10-01 17:51:00+06:00,W003,W038,2500,transfer,completed,ussd,1,2,0,0,635,0,0,0,other
TX-000358,normal-0089,normal,2026-10-01 17:54:00+06:00,W011,W036,500,transfer,completed,app,2,1,0,0,1144,0,0,0,other
TX-000359,account_takeover-0089,account_takeover,2026-10-01 17:57:00+06:00,W012,W022,8000,transfer,completed,app,7,2,1,1,17,1,0,1,other
TX-000360,normal-0090,normal,2026-10-01 18:00:00+06:00,W038,W019,1200,transfer,completed,app,1,2,0,0,289,0,0,0,cashout
TX-000361,normal-0090,normal,2026-10-01 18:03:00+06:00,W025,W034,800,transfer,completed,app,2,1,0,0,488,0,0,0,other
TX-000362,legitimate_unusual-0090,legitimate_unusual,2026-10-01 18:06:00+06:00,W030,CASHOUT,8000,cashout,completed,agent,3,1,1,0,542,0,0,0,cashout
TX-000363,normal-0090,normal,2026-10-01 18:09:00+06:00,W011,W037,500,transfer,completed,ussd,2,1,0,0,445,0,0,0,other
TX-000364,legitimate_unusual-0091,legitimate_unusual,2026-10-01 18:12:00+06:00,W025,W001,4000,transfer,completed,agent,6,2,1,0,208,0,0,0,other
TX-000365,normal-0091,normal,2026-10-01 18:15:00+06:00,W001,CASHOUT,500,cashout,completed,app,3,2,0,0,819,0,0,0,other
TX-000366,normal-0091,normal,2026-10-01 18:18:00+06:00,W005,W003,800,transfer,completed,ussd,2,2,0,0,1245,0,0,0,other
TX-000367,normal-0091,normal,2026-10-01 18:21:00+06:00,W032,W023,500,transfer,completed,app,1,2,0,0,219,0,0,0,other
TX-000368,normal-0092,normal,2026-10-01 18:24:00+06:00,W002,W038,2500,transfer,completed,app,1,1,0,0,930,0,0,0,other
TX-000369,money_mule-0092,money_mule,2026-10-01 18:27:00+06:00,W040,CASHOUT,2500,cashout,completed,app,8,5,1,1,16,0,0,1,forward
TX-000370,normal-0092,normal,2026-10-01 18:30:00+06:00,W031,W010,500,transfer,completed,ussd,3,3,0,0,199,0,0,0,forward
TX-000371,normal-0092,normal,2026-10-01 18:33:00+06:00,W040,W039,500,transfer,completed,app,2,1,0,0,1227,0,0,0,other
TX-000372,normal-0093,normal,2026-10-01 18:36:00+06:00,W039,W013,800,transfer,completed,ussd,3,1,0,0,913,0,0,0,forward
TX-000373,normal-0093,normal,2026-10-01 18:39:00+06:00,W014,W031,800,transfer,completed,app,1,1,0,0,206,0,0,0,other
TX-000374,account_takeover-0093,account_takeover,2026-10-01 18:42:00+06:00,W010,W006,8000,transfer,completed,app,11,3,1,1,9,1,0,1,cashout
TX-000375,legitimate_unusual-0093,legitimate_unusual,2026-10-01 18:45:00+06:00,W017,W030,4000,transfer,completed,agent,2,2,1,0,775,0,0,0,cashout
TX-000376,normal-0094,normal,2026-10-01 18:48:00+06:00,W003,W001,500,transfer,completed,ussd,3,3,0,0,529,0,0,0,other
TX-000377,account_takeover-0094,account_takeover,2026-10-01 18:51:00+06:00,W006,W024,20000,transfer,completed,app,7,1,1,1,28,1,0,1,cashout
TX-000378,normal-0094,normal,2026-10-01 18:54:00+06:00,W031,CASHOUT,500,cashout,completed,app,1,1,0,0,300,0,0,0,other
TX-000379,normal-0094,normal,2026-10-01 18:57:00+06:00,W037,W029,500,transfer,completed,app,3,2,0,0,914,0,0,0,other
TX-000380,money_mule-0095,money_mule,2026-10-01 19:00:00+06:00,W009,CASHOUT,15000,cashout,completed,app,8,11,1,1,66,0,0,1,cashout
TX-000381,normal-0095,normal,2026-10-01 19:03:00+06:00,W034,W037,2500,transfer,completed,app,1,3,0,0,872,0,0,0,other
TX-000382,normal-0095,normal,2026-10-01 19:06:00+06:00,W025,W010,2500,transfer,completed,app,3,1,0,0,203,0,0,0,other
TX-000383,normal-0095,normal,2026-10-01 19:09:00+06:00,W011,CASHOUT,1200,cashout,completed,ussd,2,1,0,0,857,0,0,0,cashout
TX-000384,account_takeover-0096,account_takeover,2026-10-01 19:12:00+06:00,W026,CASHOUT,8000,cashout,completed,app,9,2,1,1,39,1,0,1,cashout
TX-000385,normal-0096,normal,2026-10-01 19:15:00+06:00,W032,W002,250,transfer,completed,app,2,2,0,0,253,0,0,0,other
TX-000386,legitimate_unusual-0096,legitimate_unusual,2026-10-01 19:18:00+06:00,W020,W033,15000,transfer,completed,agent,3,4,1,0,924,0,0,0,other
TX-000387,normal-0096,normal,2026-10-01 19:21:00+06:00,W040,CASHOUT,1200,cashout,completed,ussd,3,3,0,0,924,0,0,0,other
TX-000388,normal-0097,normal,2026-10-01 19:24:00+06:00,W022,CASHOUT,800,cashout,completed,app,3,3,0,0,945,0,0,0,forward
TX-000389,normal-0097,normal,2026-10-01 19:27:00+06:00,W027,W007,800,transfer,completed,app,3,1,0,0,564,0,0,0,other
TX-000390,normal-0097,normal,2026-10-01 19:30:00+06:00,W013,W022,250,transfer,completed,app,2,1,0,0,1385,0,0,0,other
TX-000391,account_takeover-0097,account_takeover,2026-10-01 19:33:00+06:00,W033,W009,50000,transfer,completed,app,6,3,1,1,6,1,0,1,cashout
TX-000392,normal-0098,normal,2026-10-01 19:36:00+06:00,W012,W038,500,transfer,completed,ussd,3,1,0,0,392,0,0,0,other
TX-000393,normal-0098,normal,2026-10-01 19:39:00+06:00,W025,W027,2500,transfer,completed,ussd,3,1,0,0,740,0,0,0,other
TX-000394,normal-0098,normal,2026-10-01 19:42:00+06:00,W009,W027,2500,transfer,completed,ussd,3,3,0,0,1229,0,0,0,other
TX-000395,normal-0098,normal,2026-10-01 19:45:00+06:00,W036,W014,500,transfer,completed,ussd,1,3,0,0,775,0,0,0,forward
TX-000396,money_mule-0099,money_mule,2026-10-01 19:48:00+06:00,W012,W033,8000,transfer,completed,agent,8,10,1,1,71,0,0,1,cashout
TX-000397,normal-0099,normal,2026-10-01 19:51:00+06:00,W028,CASHOUT,2500,cashout,completed,app,1,1,0,0,960,0,0,0,forward
TX-000398,normal-0099,normal,2026-10-01 19:54:00+06:00,W011,W019,800,transfer,completed,app,1,1,0,0,784,0,0,0,forward
TX-000399,scam_transaction-0099,scam_transaction,2026-10-01 19:57:00+06:00,W007,W040,10000,transfer,completed,ussd,6,5,1,1,230,0,0,1,forward
TX-000400,normal-0100,normal,2026-10-01 20:00:00+06:00,W027,W021,2500,transfer,completed,app,1,1,0,0,694,0,0,0,other
TX-000401,scam_transaction-0100,scam_transaction,2026-10-01 20:03:00+06:00,W015,W024,10000,transfer,completed,app,3,4,1,1,204,1,0,1,forward
TX-000402,normal-0100,normal,2026-10-01 20:06:00+06:00,W018,CASHOUT,800,cashout,completed,ussd,1,1,0,0,1376,0,0,0,other
TX-000403,legitimate_merchant-0100,legitimate_merchant,2026-10-01 20:09:00+06:00,W003,W010,3000,transfer,completed,app,5,18,0,0,1605,0,1,0,other
TX-000404,account_takeover-0101,account_takeover,2026-10-01 20:12:00+06:00,W005,W021,15000,transfer,completed,ussd,7,3,1,1,7,1,0,1,cashout
TX-000405,normal-0101,normal,2026-10-01 20:15:00+06:00,W015,W014,800,transfer,completed,app,2,2,0,0,781,0,0,0,other
TX-000406,normal-0101,normal,2026-10-01 20:18:00+06:00,W036,W001,250,transfer,completed,app,3,2,0,0,1092,0,0,0,other
TX-000407,account_takeover-0101,account_takeover,2026-10-01 20:21:00+06:00,W003,W021,50000,transfer,completed,app,12,1,1,1,27,1,0,1,cashout
TX-000408,legitimate_merchant-0102,legitimate_merchant,2026-10-01 20:24:00+06:00,W024,W033,12000,transfer,completed,app,12,13,1,0,644,0,1,0,forward
TX-000409,normal-0102,normal,2026-10-01 20:27:00+06:00,W035,W001,250,transfer,completed,ussd,1,3,0,0,616,0,0,0,cashout
TX-000410,scam_transaction-0102,scam_transaction,2026-10-01 20:30:00+06:00,W028,CASHOUT,10000,cashout,completed,app,2,5,1,0,39,1,0,1,cashout
TX-000411,normal-0102,normal,2026-10-01 20:33:00+06:00,W015,W017,1200,transfer,completed,ussd,2,2,0,0,1008,0,0,0,other
TX-000412,normal-0103,normal,2026-10-01 20:36:00+06:00,W001,W040,250,transfer,completed,app,3,3,0,0,273,0,0,0,other
TX-000413,normal-0103,normal,2026-10-01 20:39:00+06:00,W020,W039,250,transfer,completed,ussd,2,2,0,0,961,0,0,0,forward
TX-000414,normal-0103,normal,2026-10-01 20:42:00+06:00,W015,W009,1200,transfer,completed,ussd,3,2,0,0,475,0,0,0,other
TX-000415,scam_transaction-0103,scam_transaction,2026-10-01 20:45:00+06:00,W024,CASHOUT,10000,cashout,completed,app,2,2,1,1,182,0,0,1,cashout
TX-000416,legitimate_merchant-0104,legitimate_merchant,2026-10-01 20:48:00+06:00,W023,W014,7000,transfer,completed,app,7,8,0,0,767,0,1,0,cashout
TX-000417,scam_transaction-0104,scam_transaction,2026-10-01 20:51:00+06:00,W004,W036,30000,transfer,completed,app,6,2,1,1,47,1,0,1,cashout
TX-000418,normal-0104,normal,2026-10-01 20:54:00+06:00,W009,W016,250,transfer,completed,app,2,3,0,0,322,0,0,0,other
TX-000419,account_takeover-0104,account_takeover,2026-10-01 20:57:00+06:00,W020,W038,15000,transfer,completed,app,10,3,1,1,26,1,0,1,forward
TX-000420,normal-0105,normal,2026-10-01 21:00:00+06:00,W015,W028,800,transfer,completed,ussd,2,1,0,0,859,0,0,0,other
TX-000421,normal-0105,normal,2026-10-01 21:03:00+06:00,W036,W007,500,transfer,completed,ussd,3,3,0,0,347,0,0,0,forward
TX-000422,normal-0105,normal,2026-10-01 21:06:00+06:00,W017,W005,250,transfer,completed,ussd,1,3,0,0,243,0,0,0,cashout
TX-000423,normal-0105,normal,2026-10-01 21:09:00+06:00,W017,W035,2500,transfer,completed,ussd,2,3,0,0,484,0,0,0,other
TX-000424,account_takeover-0106,account_takeover,2026-10-01 21:12:00+06:00,W019,W009,50000,transfer,completed,app,10,3,1,1,8,1,0,1,forward
TX-000425,normal-0106,normal,2026-10-01 21:15:00+06:00,W040,W011,2500,transfer,completed,app,1,2,0,0,506,0,0,0,other
TX-000426,scam_transaction-0106,scam_transaction,2026-10-01 21:18:00+06:00,W010,CASHOUT,15000,cashout,completed,ussd,2,3,1,0,89,1,0,1,cashout
TX-000427,normal-0106,normal,2026-10-01 21:21:00+06:00,W024,CASHOUT,1200,cashout,completed,ussd,2,1,0,0,261,0,0,0,other
TX-000428,account_takeover-0107,account_takeover,2026-10-01 21:24:00+06:00,W018,W017,15000,transfer,completed,app,9,3,1,1,27,1,0,1,other
TX-000429,normal-0107,normal,2026-10-01 21:27:00+06:00,W017,W025,500,transfer,completed,ussd,3,2,0,0,902,0,0,0,other
TX-000430,account_takeover-0107,account_takeover,2026-10-01 21:30:00+06:00,W033,CASHOUT,50000,cashout,completed,app,7,1,1,1,7,1,0,1,forward
TX-000431,normal-0107,normal,2026-10-01 21:33:00+06:00,W008,W015,1200,transfer,completed,ussd,2,3,0,0,412,0,0,0,other
TX-000432,account_takeover-0108,account_takeover,2026-10-01 21:36:00+06:00,W027,CASHOUT,15000,cashout,completed,ussd,6,1,1,1,39,1,0,1,cashout
TX-000433,legitimate_merchant-0108,legitimate_merchant,2026-10-01 21:39:00+06:00,W010,W004,1500,transfer,completed,app,9,20,0,0,1477,0,1,0,other
TX-000434,scam_transaction-0108,scam_transaction,2026-10-01 21:42:00+06:00,W019,W006,10000,transfer,completed,ussd,5,5,1,0,73,1,0,1,cashout
TX-000435,scam_transaction-0108,scam_transaction,2026-10-01 21:45:00+06:00,W012,CASHOUT,15000,cashout,completed,app,3,4,1,0,182,0,0,1,forward
TX-000436,normal-0109,normal,2026-10-01 21:48:00+06:00,W034,W033,1200,transfer,completed,app,1,3,0,0,377,0,0,0,other
TX-000437,normal-0109,normal,2026-10-01 21:51:00+06:00,W035,W033,250,transfer,completed,app,1,2,0,0,446,0,0,0,other
TX-000438,account_takeover-0109,account_takeover,2026-10-01 21:54:00+06:00,W034,CASHOUT,20000,cashout,completed,app,12,1,1,1,36,1,0,1,cashout
TX-000439,money_mule-0109,money_mule,2026-10-01 21:57:00+06:00,W025,W023,2500,transfer,completed,agent,13,7,1,1,42,0,0,1,other
TX-000440,normal-0110,normal,2026-10-01 22:00:00+06:00,W039,W035,1200,transfer,completed,app,2,1,0,0,191,0,0,0,forward
TX-000441,normal-0110,normal,2026-10-01 22:03:00+06:00,W014,W021,1200,transfer,completed,ussd,2,1,0,0,496,0,0,0,cashout
TX-000442,scam_transaction-0110,scam_transaction,2026-10-01 22:06:00+06:00,W028,W037,15000,transfer,completed,ussd,6,4,1,0,131,0,0,1,cashout
TX-000443,normal-0110,normal,2026-10-01 22:09:00+06:00,W036,W031,800,transfer,completed,ussd,2,3,0,0,885,0,0,0,other
TX-000444,account_takeover-0111,account_takeover,2026-10-01 22:12:00+06:00,W015,W029,15000,transfer,completed,app,6,1,1,1,35,1,0,1,cashout
TX-000445,account_takeover-0111,account_takeover,2026-10-01 22:15:00+06:00,W004,W011,50000,transfer,completed,ussd,11,1,1,1,8,1,0,1,cashout
TX-000446,normal-0111,normal,2026-10-01 22:18:00+06:00,W017,W015,800,transfer,completed,ussd,1,3,0,0,257,0,0,0,other
TX-000447,account_takeover-0111,account_takeover,2026-10-01 22:21:00+06:00,W019,W039,8000,transfer,completed,app,12,1,1,1,43,1,0,1,forward
TX-000448,account_takeover-0112,account_takeover,2026-10-01 22:24:00+06:00,W034,W019,15000,transfer,completed,ussd,6,3,1,1,35,1,0,1,cashout
TX-000449,normal-0112,normal,2026-10-01 22:27:00+06:00,W001,W011,250,transfer,completed,ussd,2,2,0,0,903,0,0,0,cashout
TX-000450,normal-0112,normal,2026-10-01 22:30:00+06:00,W005,W006,2500,transfer,completed,ussd,2,3,0,0,1325,0,0,0,other
TX-000451,normal-0112,normal,2026-10-01 22:33:00+06:00,W013,W030,1200,transfer,completed,app,3,1,0,0,714,0,0,0,forward
TX-000452,normal-0113,normal,2026-10-01 22:36:00+06:00,W019,W022,250,transfer,completed,ussd,3,2,0,0,1281,0,0,0,other
TX-000453,account_takeover-0113,account_takeover,2026-10-01 22:39:00+06:00,W016,W022,50000,transfer,completed,ussd,11,2,1,1,40,1,0,1,cashout
TX-000454,normal-0113,normal,2026-10-01 22:42:00+06:00,W015,W021,1200,transfer,completed,app,2,3,0,0,1277,0,0,0,cashout
TX-000455,normal-0113,normal,2026-10-01 22:45:00+06:00,W026,W022,250,transfer,completed,ussd,3,1,0,0,1155,0,0,0,other
TX-000456,normal-0114,normal,2026-10-01 22:48:00+06:00,W013,W032,500,transfer,completed,ussd,1,3,0,0,675,0,0,0,cashout
TX-000457,normal-0114,normal,2026-10-01 22:51:00+06:00,W040,W023,500,transfer,completed,ussd,1,1,0,0,340,0,0,0,other
TX-000458,normal-0114,normal,2026-10-01 22:54:00+06:00,W003,W031,800,transfer,completed,ussd,3,2,0,0,1188,0,0,0,other
TX-000459,legitimate_merchant-0114,legitimate_merchant,2026-10-01 22:57:00+06:00,W018,CASHOUT,1500,cashout,completed,app,7,6,0,0,1357,0,1,0,other
TX-000460,scam_transaction-0115,scam_transaction,2026-10-01 23:00:00+06:00,W012,CASHOUT,5000,cashout,completed,app,6,5,1,1,32,1,0,1,forward
TX-000461,normal-0115,normal,2026-10-01 23:03:00+06:00,W017,W012,2500,transfer,completed,ussd,2,1,0,0,731,0,0,0,other
TX-000462,normal-0115,normal,2026-10-01 23:06:00+06:00,W028,W014,1200,transfer,completed,ussd,3,2,0,0,927,0,0,0,forward
TX-000463,normal-0115,normal,2026-10-01 23:09:00+06:00,W037,W015,250,transfer,completed,ussd,3,2,0,0,662,0,0,0,cashout
TX-000464,scam_transaction-0116,scam_transaction,2026-10-01 23:12:00+06:00,W010,W031,5000,transfer,completed,ussd,3,5,1,1,191,0,0,1,cashout
TX-000465,account_takeover-0116,account_takeover,2026-10-01 23:15:00+06:00,W037,CASHOUT,50000,cashout,completed,ussd,6,3,1,1,13,1,0,1,cashout
TX-000466,scam_transaction-0116,scam_transaction,2026-10-01 23:18:00+06:00,W007,CASHOUT,15000,cashout,completed,ussd,4,4,1,1,172,0,0,1,cashout
TX-000467,normal-0116,normal,2026-10-01 23:21:00+06:00,W039,W013,2500,transfer,completed,app,3,3,0,0,1282,0,0,0,cashout
TX-000468,normal-0117,normal,2026-10-01 23:24:00+06:00,W033,W032,1200,transfer,completed,ussd,1,2,0,0,766,0,0,0,forward
TX-000469,normal-0117,normal,2026-10-01 23:27:00+06:00,W022,W027,2500,transfer,completed,app,3,2,0,0,326,0,0,0,cashout
TX-000470,normal-0117,normal,2026-10-01 23:30:00+06:00,W019,W018,2500,transfer,completed,ussd,3,2,0,0,735,0,0,0,other
TX-000471,money_mule-0117,money_mule,2026-10-01 23:33:00+06:00,W034,W029,15000,transfer,completed,app,9,7,1,1,12,0,0,1,cashout
TX-000472,legitimate_merchant-0118,legitimate_merchant,2026-10-01 23:36:00+06:00,W006,W014,1500,transfer,completed,app,11,7,1,0,1219,0,1,0,forward
TX-000473,normal-0118,normal,2026-10-01 23:39:00+06:00,W006,W007,800,transfer,completed,ussd,3,1,0,0,352,0,0,0,cashout
TX-000474,normal-0118,normal,2026-10-01 23:42:00+06:00,W009,W034,500,transfer,completed,ussd,1,1,0,0,910,0,0,0,other
TX-000475,scam_transaction-0118,scam_transaction,2026-10-01 23:45:00+06:00,W018,W036,30000,transfer,completed,ussd,3,3,1,1,146,0,0,1,cashout
TX-000476,normal-0119,normal,2026-10-01 23:48:00+06:00,W023,W031,2500,transfer,completed,ussd,1,1,0,0,1084,0,0,0,cashout
TX-000477,normal-0119,normal,2026-10-01 23:51:00+06:00,W001,W034,500,transfer,completed,app,2,2,0,0,1140,0,0,0,other
TX-000478,money_mule-0119,money_mule,2026-10-01 23:54:00+06:00,W020,CASHOUT,15000,cashout,completed,agent,11,8,1,1,10,0,0,1,cashout
TX-000479,normal-0119,normal,2026-10-01 23:57:00+06:00,W016,W011,1200,transfer,completed,app,2,1,0,0,718,0,0,0,cashout
TX-000480,money_mule-0120,money_mule,2026-10-02 00:00:00+06:00,W040,W018,8000,transfer,completed,app,15,9,1,1,62,0,0,1,forward
TX-000481,normal-0120,normal,2026-10-02 00:03:00+06:00,W030,W040,1200,transfer,completed,app,2,3,0,0,1187,0,0,0,forward
TX-000482,legitimate_unusual-0120,legitimate_unusual,2026-10-02 00:06:00+06:00,W002,CASHOUT,4000,cashout,completed,agent,4,3,1,1,1077,0,0,0,forward
TX-000483,normal-0120,normal,2026-10-02 00:09:00+06:00,W022,W027,800,transfer,completed,app,2,2,0,0,1129,0,0,0,other
TX-000484,legitimate_unusual-0121,legitimate_unusual,2026-10-02 00:12:00+06:00,W004,W018,8000,transfer,completed,agent,2,4,1,1,692,0,0,0,forward
TX-000485,money_mule-0121,money_mule,2026-10-02 00:15:00+06:00,W016,W025,15000,transfer,completed,agent,10,5,1,1,35,0,0,1,forward
TX-000486,account_takeover-0121,account_takeover,2026-10-02 00:18:00+06:00,W014,W031,50000,transfer,completed,ussd,11,2,1,1,23,1,0,1,forward
TX-000487,legitimate_merchant-0121,legitimate_merchant,2026-10-02 00:21:00+06:00,W034,W008,3000,transfer,completed,app,12,16,0,0,356,0,1,0,other
TX-000488,normal-0122,normal,2026-10-02 00:24:00+06:00,W028,W021,250,transfer,completed,app,1,2,0,0,1377,0,0,0,cashout
TX-000489,legitimate_unusual-0122,legitimate_unusual,2026-10-02 00:27:00+06:00,W038,W031,15000,transfer,completed,agent,6,2,1,0,363,1,0,0,other
TX-000490,normal-0122,normal,2026-10-02 00:30:00+06:00,W004,W023,500,transfer,completed,app,3,3,0,0,399,0,0,0,other
TX-000491,account_takeover-0122,account_takeover,2026-10-02 00:33:00+06:00,W023,W029,15000,transfer,completed,app,6,3,1,1,27,1,0,1,cashout
TX-000492,normal-0123,normal,2026-10-02 00:36:00+06:00,W029,W036,800,transfer,completed,app,3,3,0,0,1183,0,0,0,other
TX-000493,normal-0123,normal,2026-10-02 00:39:00+06:00,W030,W018,2500,transfer,completed,app,3,1,0,0,321,0,0,0,other
TX-000494,normal-0123,normal,2026-10-02 00:42:00+06:00,W030,W001,2500,transfer,completed,app,2,3,0,0,559,0,0,0,other
TX-000495,account_takeover-0123,account_takeover,2026-10-02 00:45:00+06:00,W021,W005,50000,transfer,completed,ussd,7,3,1,1,34,1,0,1,cashout
TX-000496,account_takeover-0124,account_takeover,2026-10-02 00:48:00+06:00,W008,CASHOUT,8000,cashout,completed,ussd,6,1,1,1,14,1,0,1,cashout
TX-000497,normal-0124,normal,2026-10-02 00:51:00+06:00,W037,CASHOUT,1200,cashout,completed,ussd,3,3,0,0,1388,0,0,0,cashout
TX-000498,money_mule-0124,money_mule,2026-10-02 00:54:00+06:00,W001,CASHOUT,15000,cashout,completed,agent,8,12,1,1,17,0,0,1,other
TX-000499,normal-0124,normal,2026-10-02 00:57:00+06:00,W024,W004,2500,transfer,completed,app,2,3,0,0,263,0,0,0,forward
